server_round,incumbent,fedpop_g,val_loss_0,val_loss_1,val_loss_2,val_loss_3,val_loss_4,val_loss_5,val_loss_6,val_loss_7,val_loss_8,val_loss_9,val_loss_10,val_loss_11,val_loss_12,val_loss_13,val_loss_14,val_loss_15
1,4,[],1.3694274718648514,0.9682602746764238,1.1166035953666742,1.0864495565770949,0.8985378878102888,,,,,,,,,,,
2,1,"[(2, 4), (0, 1)]",1.137552612061919,0.763325983052871,0.8891237807833143,0.8910036135403412,0.8061290952249986,,,,,,,,,,,
3,4,[],0.7219075486989321,0.7303877443938853,0.7443973324130162,0.8340609917570695,0.6876496334003245,,,,,,,,,,,
4,4,"[(0, 1), (3, 1)]",0.8300555393275093,0.7257387349956176,0.7596494088313159,0.8080328986925237,0.7034026515063118,,,,,,,,,,,
5,4,[],0.7243118844969962,0.7371796110947989,0.7095047267116795,0.7076023925899576,0.6757212204250376,,,,,,,,,,,
6,3,"[(0, 4), (1, 3)]",0.6141354740568539,0.6113587566849777,0.5826796682921174,0.5742638753913231,0.5772332773409827,,,,,,,,,,,
7,3,[],0.6360146099769435,0.6275720410259594,0.7386941173593071,0.6217161282435056,0.6280491611812984,,,,,,,,,,,
8,1,"[(0, 1), (2, 1)]",0.5683230699204347,0.5492949784240302,0.6296617967460085,0.5524003411807558,0.5713319949148332,,,,,,,,,,,
9,4,[],0.49024899935520944,0.4930851713593935,0.490824730758808,0.5079208760540992,0.48413598492127913,,,,,,,,,,,
10,3,"[(1, 0), (4, 2)]",0.4442176862863757,0.44748060518834787,0.4432252570971997,0.4311478051648851,0.4584833729552694,,,,,,,,,,,
11,3,[],0.5015090291689166,0.5049079200227671,0.4950073870976151,0.4861431617224931,0.4993387221310079,,,,,,,,,,,
12,3,"[(0, 3), (1, 3)]",0.5009059414810398,0.5047647031576868,0.48661784592267193,0.4700689052966985,0.49012060040730804,,,,,,,,,,,
13,3,[],0.466435226536479,0.4628083690295558,0.4832853624277566,0.4592788172132635,0.49125556118154434,,,,,,,,,,,
14,3,"[(2, 0), (1, 3)]",0.5389017187962996,0.6614290225961643,0.5567724544044774,0.5253084923343829,0.5476827476808813,,,,,,,,,,,
15,1,[],0.4670836857203253,0.44844008577116234,0.4510993570192969,0.4548672456564799,0.4912923600293786,,,,,,,,,,,
16,2,"[(0, 2), (4, 1)]",0.3958960950564427,0.3889792245664414,0.3846302291376684,0.3942546158079888,0.4418061828103469,,,,,,,,,,,
17,4,[],0.4576427273419155,0.4654577001770852,0.46659639610811887,0.4836660425799648,0.45379488881646424,,,,,,,,,,,
18,4,"[(2, 1), (3, 4)]",0.4570266229772492,0.4488397756167039,0.4520451890045329,0.4742934146448027,0.44213819655860903,,,,,,,,,,,
19,3,[],0.455059938530148,0.4463305129207744,0.4471387922252678,0.4205197505099682,0.4453910164717375,,,,,,,,,,,
20,3,[],0.36390967004314795,0.3594807181803007,0.357890712378805,0.3410902015448357,0.3610843450674277,,,,,,,,,,,
