server_round,fedex-refine-error,fedex-baseline,fedex-entropy,fedex-mle-prob,mle_batch_size,mle_optimizer,mle_lr,mle_weight_decay,mle_momentum
1,0.37218668561952145,0.0,6.0587937507064,0.010827808915825713,128,adamw,0.005,0.0001,0.7
2,0.564134495641345,0.37218668561952145,6.144147704125595,0.014339632864364663,64,radam,0.005,0.0,0.9
3,0.4134403209628887,0.5168376428443645,4.978918800731322,0.05440811144756267,64,radam,0.003,0.0,0.7
4,0.35504469987228604,0.4447276371230862,4.173945324637844,0.08113379284120897,64,radam,0.005,0.0,0.7
5,0.5049848287819679,0.38367065677902756,4.7432500614076,0.07528569546659174,64,radam,0.005,0.0,0.7
6,0.23672148827177134,0.4656247424511627,4.432327777473947,0.10190835702793914,64,sgd,0.005,0.0,0.7
7,0.3202323991797676,0.3113780193562634,4.484920048928072,0.06127253018542852,64,sgd,0.003,0.0,0.95
8,0.33284060113328406,0.3173396444477766,3.30160295581827,0.24270057949827745,64,sgd,0.003,0.0001,0.9
9,0.20956123117223313,0.3277735811611485,2.9872869660568777,0.30321009950549727,64,sgd,0.003,0.0001,0.9
10,0.16728349370836418,0.2482099936717373,2.8173113752960752,0.2545512786251414,64,sgd,0.003,0.0001,0.95
11,0.2172906213817059,0.19374345489413822,3.1171935304039913,0.18797871837498392,64,sgd,0.001,0.0,0.5
12,0.17761194029850746,0.20959142312353196,2.070801907463668,0.3825143219779417,64,sgd,0.001,0.0001,0.95
13,0.14466579780301622,0.18806831246318906,1.285931773847992,0.4768683506636094,64,sgd,0.001,0.0001,0.5
14,0.189419795221843,0.15885720256953956,1.906983394765665,0.3965100157578975,64,sgd,0.001,0.0001,0.95
15,0.13961885656970913,0.17942667800714757,0.7715036616428006,0.805899758786728,64,sgd,0.001,0.0001,0.95
16,0.15411195577055975,0.15263490917330672,1.9301993133935889,0.3048531675197922,64,sgd,0.001,0.0001,0.95
17,0.17697349672271304,0.1536290024989703,2.2625959230046577,0.31901112577818913,64,sgd,0.003,0.0001,0.5
18,0.12050582692784527,0.16934049438785106,1.167312475499952,0.5995079957501314,64,sgd,0.003,0.0001,0.5
19,0.14251668255481412,0.13647340926454554,1.5575441736314208,0.578977685910048,64,sgd,0.003,0.0001,0.5
20,0.12877030162412992,0.1405406997313721,0.5048444387136453,0.8951077518162769,64,sgd,0.003,0.0001,0.5
