server_round,process,local,partition,batch_size,optimizer,lr,weight_decay,momentum,val_loss,val_acc
1,0,1,1,128,adamw,0.0005,1e-05,0.7,0.889318037180253,0.7050754458161865
1,0,3,2,64,adamw,0.0005,1e-05,0.7,0.8696028463273386,0.6936488169364882
1,0,4,4,64,adamw,0.0005,1e-05,0.7,0.9292502988006266,0.6824644549763034
1,0,0,7,128,adamw,0.0005,1e-05,0.7,1.2004639700685322,0.582537517053206
1,0,2,8,64,adamw,0.0005,1e-05,0.7,0.4990635908004307,0.8341323106423778
1,1,1,1,128,lion,0.0005,1e-05,0.5,0.8817214637953885,0.6776406035665294
1,1,3,2,128,lion,0.0005,1e-05,0.5,0.9498543185582048,0.6924034869240349
1,1,4,4,128,lion,0.0005,1e-05,0.5,0.9471206275207736,0.6951026856240127
1,1,0,7,128,lion,0.001,1e-05,0.5,1.3679986361104177,0.5129604365620737
1,1,2,8,64,lion,0.0005,1e-05,0.5,0.5602091801132246,0.7996164908916586
1,2,1,1,128,sgd,0.003,0.0001,0.5,1.1968321708658267,0.5610425240054869
1,2,3,2,128,sgd,0.005,0.0001,0.5,1.1004945450226962,0.6276463262764632
1,2,4,4,64,sgd,0.005,0.0001,0.5,1.1357772047109136,0.593996840442338
1,2,0,7,128,sgd,0.003,0.0001,0.5,1.446523435606963,0.46521145975443384
1,2,2,8,64,sgd,0.005,0.0001,0.5,0.6896641661313899,0.7564717162032598
1,3,1,1,128,adamw,0.005,0.0,0.5,1.2265460309668332,0.52400548696845
1,3,3,2,64,adamw,0.003,0.0,0.5,1.5883785373395585,0.48692403486924035
1,3,4,4,64,adamw,0.003,0.0,0.5,1.3163981298323115,0.5292259083728278
1,3,0,7,128,adamw,0.003,0.0,0.5,1.4814375908930988,0.47203274215552526
1,3,2,8,128,adamw,0.005,0.0,0.5,1.099551114459966,0.5829338446788112
1,4,1,1,128,adam,0.01,0.0,0.5,1.2602357504626196,0.5363511659807956
1,4,3,2,64,adam,0.01,0.0,0.5,1.5676522969011946,0.45952677459526775
1,4,4,4,128,adam,0.01,0.0,0.5,1.8396418556029575,0.34755134281200634
1,4,0,7,128,adam,0.01,0.0,0.5,1.4826753204548668,0.4433833560709413
1,4,2,8,128,adam,0.01,0.0,0.5,1.409689536144955,0.5052732502396932
2,0,0,2,64,adamw,0.0005,1e-05,0.7,0.7942168440943489,0.7422166874221668
2,0,3,0,64,adamw,0.0005,1e-05,0.7,0.6689968833410408,0.7808764940239044
2,0,2,3,64,adamw,0.0005,1e-05,0.7,0.753344851584474,0.7520661157024794
2,0,4,7,64,adamw,0.0005,1e-05,0.7,1.0464718997234537,0.654843110504775
2,0,1,8,128,adamw,0.0005,1e-05,0.7,0.4348437473792243,0.8456375838926175
2,1,0,2,128,lion,0.003,0.001,0.9,1.3298551083204904,0.5354919053549191
2,1,3,0,128,lion,0.001,1e-05,0.5,0.7778920947182362,0.7359134889015367
2,1,2,3,64,lion,0.0005,1e-05,0.5,0.8091704126231927,0.7293388429752066
2,1,4,7,128,lion,0.0005,1e-05,0.5,1.0869970328160554,0.6275579809004093
2,1,1,8,128,lion,0.0005,1e-05,0.5,0.4658647368189701,0.8283796740172579
2,2,0,2,64,sgd,0.01,0.0001,0.5,0.8270110008428581,0.7247820672478207
2,2,3,0,128,sgd,0.005,0.0001,0.5,0.8675891514454094,0.6972111553784861
2,2,2,3,64,sgd,0.005,0.0001,0.5,0.8466170454813429,0.6993801652892562
2,2,4,7,64,sgd,0.005,0.0001,0.5,1.2126985633844893,0.5634379263301501
2,2,1,8,128,sgd,0.01,0.0001,0.5,0.5766567032380621,0.800575263662512
2,3,0,2,64,adamw,0.005,0.0,0.5,1.3535667447046207,0.5367372353673724
2,3,3,0,64,adamw,0.005,0.0,0.5,1.2785099900169135,0.5156516789982926
2,3,2,3,128,adamw,0.005,0.0,0.5,1.3759598131022177,0.5134297520661157
2,3,4,7,64,adamw,0.003,0.0,0.5,1.3324127454224257,0.504774897680764
2,3,1,8,128,adamw,0.005,0.0,0.5,1.091277615221669,0.5349952061361457
2,4,0,2,128,adam,0.01,0.0,0.5,1.9721206392475854,0.29389788293897884
2,4,3,0,64,adam,0.005,0.0,0.5,1.2635352638681028,0.5332953898690951
2,4,2,3,128,adam,0.01,0.0,0.5,1.9133213610688518,0.41838842975206614
2,4,4,7,64,adam,0.005,0.0,0.5,1.4505481724849665,0.47203274215552526
2,4,1,8,128,adam,0.01,0.0,0.5,1.06653886364839,0.6001917545541706
3,0,3,1,64,adamw,0.0005,1e-05,0.7,0.7338149913053944,0.7530864197530864
3,0,4,2,128,adamw,0.0005,1e-05,0.7,0.7197275871357615,0.7596513075965131
3,0,0,3,64,adamw,0.0005,1e-05,0.7,0.6676203243988604,0.7820247933884298
3,0,1,5,128,adamw,0.0005,1e-05,0.7,0.6536114870048151,0.7721729490022173
3,0,2,7,64,adamw,0.0005,1e-05,0.7,0.9166265421154391,0.684856753069577
3,1,3,1,128,lion,0.001,1e-05,0.5,0.9475366320302621,0.6584362139917695
3,1,4,2,64,lion,0.0005,1e-05,0.5,0.7138635188081345,0.7696139476961394
3,1,0,3,64,lion,0.0005,1e-05,0.5,0.7359648248380866,0.7510330578512396
3,1,1,5,128,lion,0.0005,1e-05,0.5,0.7064460971931661,0.766629711751663
3,1,2,7,64,lion,0.0005,1e-05,0.5,0.9825922313361019,0.6493860845839018
3,2,3,1,64,sgd,0.005,0.0001,0.5,0.8183823903238169,0.6954732510288066
3,2,4,2,64,sgd,0.01,0.0001,0.5,0.7915095620107829,0.7384806973848069
3,2,0,3,64,sgd,0.01,0.0001,0.5,0.6991243948621199,0.7696280991735537
3,2,1,5,128,sgd,0.01,0.0001,0.5,0.7560722525262515,0.7311529933481153
3,2,2,7,64,sgd,0.005,0.0001,0.5,1.0266359218308578,0.6466575716234653
3,3,3,1,128,lion,0.0005,0.0,0.5,0.8059763426806864,0.7283950617283951
3,3,4,2,128,lion,0.001,0.0,0.5,0.8779817117403631,0.7036114570361146
3,3,0,3,128,lion,0.0005,0.0,0.5,0.6929345377220595,0.7644628099173554
3,3,1,5,128,lion,0.0005,0.0,0.5,0.6873422333776554,0.7732815964523282
3,3,2,7,64,lion,0.0005,0.0,0.5,0.9934755282382522,0.6466575716234653
3,4,3,1,128,lion,0.001,1e-05,0.5,0.9115293191130106,0.6735253772290809
3,4,4,2,128,lion,0.0005,1e-05,0.5,0.7627765718907823,0.7459526774595268
3,4,0,3,128,lion,0.001,1e-05,0.5,0.8002043386136205,0.71900826446281
3,4,2,7,64,lion,0.0005,1e-05,0.5,1.0165062039318058,0.6562073669849932
3,4,1,5,64,lion,0.0005,1e-05,0.5,0.774000759531812,0.7322616407982262
4,0,2,4,64,adamw,0.0005,1e-05,0.7,0.649560533381563,0.7930489731437599
4,0,3,6,128,adamw,0.0005,1e-05,0.7,0.4574440611806108,0.8449328449328449
4,0,1,5,128,adamw,0.0005,1e-05,0.7,0.607288962060755,0.7854767184035477
4,0,4,7,128,adamw,0.0005,1e-05,0.7,0.804484543419795,0.7271487039563438
4,0,0,8,64,adamw,0.0005,1e-05,0.7,0.3463983789786396,0.87823585810163
4,1,2,4,64,radam,0.003,0.001,0.7,0.8369902427915902,0.731437598736177
4,1,3,6,128,lion,0.001,1e-05,0.5,0.6102364014502119,0.8058608058608059
4,1,1,5,128,lion,0.0005,1e-05,0.5,0.6496779423066623,0.7804878048780488
4,1,4,7,64,lion,0.0005,1e-05,0.5,0.962353833212859,0.6725784447476125
4,1,0,8,64,lion,0.0005,1e-05,0.5,0.4025077997838091,0.8648130393096836
4,2,2,4,128,sgd,0.01,0.0001,0.5,0.6546524779114866,0.7756714060031595
4,2,3,6,64,sgd,0.01,0.0001,0.5,0.48822309195049224,0.8461538461538461
4,2,1,5,128,sgd,0.01,0.0001,0.5,0.6883790122960465,0.7633037694013304
4,2,4,7,64,sgd,0.01,0.0001,0.5,0.9288192687385892,0.6903137789904502
4,2,0,8,64,sgd,0.01,0.0001,0.5,0.396284284779118,0.8542665388302972
4,3,2,4,128,lion,0.0005,0.0,0.5,0.732959192040219,0.7630331753554502
4,3,3,6,128,lion,0.0005,0.0,0.5,0.4966695478256514,0.8400488400488401
4,3,1,5,128,lion,0.0005,0.0,0.5,0.639585743590099,0.7827050997782705
4,3,4,7,128,lion,0.0005,0.0,0.5,0.8936213100428145,0.6916780354706685
4,3,0,8,128,lion,0.0005,0.0,0.5,0.37020728526385155,0.8686481303930969
4,4,2,4,64,lion,0.0005,1e-05,0.5,0.7558197445967374,0.7551342812006319
4,4,3,6,64,lion,0.0005,1e-05,0.5,0.5288580759395465,0.8205128205128205
4,4,1,5,64,lion,0.0005,1e-05,0.5,0.7266639697049515,0.7522172949002217
4,4,4,7,128,lion,0.0005,1e-05,0.5,0.947458348527937,0.6616643929058663
4,4,0,8,128,lion,0.001,1e-05,0.5,0.45499211572617837,0.8456375838926175
5,0,3,4,128,adamw,0.0005,1e-05,0.7,0.6209232349531345,0.8120063191153238
5,0,2,1,64,adamw,0.001,1e-05,0.7,0.6564426853823564,0.7722908093278463
5,0,1,7,128,adamw,0.0005,1e-05,0.7,0.7662947837359908,0.7394270122783083
5,0,4,6,64,adamw,0.001,1e-05,0.7,0.440419607874238,0.8571428571428571
5,0,0,8,64,adamw,0.0005,1e-05,0.7,0.33362097133840374,0.8820709491850431
5,1,3,4,128,adamw,0.003,1e-05,0.7,0.8796609106222035,0.7330173775671406
5,1,2,1,128,adamw,0.001,1e-05,0.7,0.7041845174483311,0.7640603566529492
5,1,4,6,128,adamw,0.001,1e-05,0.7,0.42211609522064963,0.8620268620268621
5,1,1,7,128,adamw,0.0005,1e-05,0.7,0.7609790318822145,0.7421555252387448
5,1,0,8,128,adamw,0.001,1e-05,0.7,0.34993566782682534,0.8859060402684564
5,2,3,4,64,sgd,0.01,0.0001,0.5,0.593672885713984,0.8151658767772512
5,2,2,1,128,sgd,0.01,0.0001,0.5,0.6704084363820949,0.7750342935528121
5,2,1,7,64,sgd,0.005,0.0001,0.5,0.8754739804450031,0.7080491132332879
5,2,4,6,64,sgd,0.01,0.0001,0.5,0.42614168092444704,0.8644688644688645
5,2,0,8,64,sgd,0.01,0.0001,0.5,0.36090816575980256,0.8772770853307766
5,3,3,4,128,lion,0.0005,0.0,0.5,0.6607249269929919,0.7851500789889415
5,3,2,1,64,lion,0.0005,0.0,0.5,0.6125155370094812,0.7942386831275721
5,3,4,6,128,lion,0.0005,0.0,0.5,0.47342312132191455,0.8485958485958486
5,3,1,7,128,lion,0.0005,0.0,0.5,0.8643800737425217,0.7203274215552524
5,3,0,8,128,lion,0.0005,0.0,0.5,0.3467986972025691,0.8849472674976031
5,4,3,4,64,lion,0.001,1e-05,0.5,0.8307426851507612,0.7503949447077409
5,4,2,1,128,lion,0.001,1e-05,0.5,0.810444606675042,0.7311385459533608
5,4,1,7,128,lion,0.001,1e-05,0.5,1.010114233701974,0.635743519781719
5,4,4,6,64,lion,0.0005,1e-05,0.5,0.4681156800925659,0.8424908424908425
5,4,0,8,64,lion,0.0005,1e-05,0.5,0.37826125793809057,0.8744007670182167
6,0,3,2,128,adamw,0.0005,1e-05,0.7,0.5549546733294448,0.8156911581569116
6,0,0,4,64,adamw,0.0005,1e-05,0.7,0.583342866827903,0.8214849921011058
6,0,1,0,128,adamw,0.003,1e-05,0.7,0.6993769196603674,0.7723392145702903
6,0,2,9,64,adamw,0.001,1e-05,0.7,0.6033541254636621,0.7815126050420168
6,0,4,5,64,adamw,0.001,1e-05,0.7,0.6024524944848866,0.7960088691796009
6,1,3,2,64,lion,0.003,0.001,0.7,1.392905008006066,0.6102117061021171
6,1,0,4,128,adamw,0.001,1e-05,0.7,0.620393213031793,0.8056872037914692
6,1,1,0,64,adamw,0.0005,1e-05,0.7,0.47210589804361675,0.8417757541263517
6,1,2,9,128,adamw,0.001,1e-05,0.7,0.6407354883119172,0.7829131652661064
6,1,4,5,128,adamw,0.001,1e-05,0.7,0.5821097458809812,0.802660753880266
6,2,3,2,64,sgd,0.01,0.0001,0.5,0.5673306163488556,0.8057285180572852
6,2,0,4,64,sgd,0.01,0.0001,0.5,0.5761904338901453,0.8246445497630331
6,2,1,0,64,sgd,0.01,0.0001,0.5,0.4794189484877958,0.8372225384177575
6,2,2,9,64,sgd,0.01,0.0001,0.5,0.6666837524967033,0.7703081232492998
6,2,4,5,64,sgd,0.01,0.0001,0.5,0.5932470704129424,0.8021064301552107
6,3,3,2,128,lion,0.0005,0.0,0.5,0.6140537779699375,0.797011207970112
6,3,0,4,128,lion,0.0005,0.0,0.5,0.6615205038026988,0.7883096366508688
6,3,1,0,128,lion,0.0005,0.0,0.5,0.49679127791827554,0.8343767785998861
6,3,2,9,64,lion,0.0005,0.0,0.5,0.6609907564328832,0.7549019607843137
6,3,4,5,128,lion,0.0005,0.0,0.5,0.6029832849481418,0.8032150776053215
6,4,3,2,64,lion,0.0005,1e-05,0.5,0.5919487096304318,0.8107098381070984
6,4,0,4,64,lion,0.0005,1e-05,0.5,0.6173538063280579,0.8104265402843602
6,4,1,0,128,lion,0.0005,1e-05,0.5,0.5013016537467933,0.8281161070005691
6,4,2,9,128,lion,0.001,1e-05,0.5,0.7236544454798979,0.726890756302521
6,4,4,5,64,lion,0.0005,1e-05,0.5,0.6562059754278602,0.779379157427938
7,0,4,1,64,adamw,0.001,1e-05,0.7,0.5719157138070289,0.7928669410150891
7,0,0,7,64,adamw,0.0005,1e-05,0.7,0.7605766098626151,0.7339699863574352
7,0,3,0,128,adamw,0.0005,1e-05,0.7,0.4449503041324659,0.8514513375071144
7,0,1,9,128,adamw,0.0005,1e-05,0.7,0.5798185288238258,0.7941176470588235
7,0,2,8,64,adamw,0.0005,1e-05,0.7,0.31553831410773764,0.8906999041227229
7,1,4,1,128,sgd,0.001,0.0001,0.5,0.6098072084870358,0.7956104252400549
7,1,0,7,64,sgd,0.001,0.0001,0.5,0.7062383738091015,0.7585266030013642
7,1,3,0,64,sgd,0.001,0.0001,0.5,0.4783720456373305,0.8394991462720547
7,1,1,9,128,sgd,0.003,0.0001,0.5,0.6342904868246126,0.7717086834733894
7,1,2,8,128,sgd,0.0005,0.0001,0.5,0.35528238644878796,0.8811121764141898
7,2,4,1,64,sgd,0.005,0.0001,0.5,0.5708735101998098,0.8106995884773662
7,2,0,7,64,sgd,0.01,0.0001,0.5,0.7095301382213139,0.7680763983628922
7,2,3,0,64,sgd,0.01,0.0001,0.5,0.45044390798700623,0.852589641434263
7,2,1,9,64,sgd,0.01,0.0001,0.5,0.6341163450930299,0.788515406162465
7,2,2,8,128,sgd,0.001,0.0,0.7,0.3191180268047183,0.8935762224352828
7,3,4,1,128,lion,0.0005,0.0,0.5,0.5733000865034933,0.8120713305898491
7,3,0,7,64,lion,0.0005,0.0,0.5,0.7625544433053811,0.7517053206002728
7,3,3,0,128,lion,0.0005,0.0,0.5,0.48560540769068977,0.8326693227091634
7,3,1,9,128,lion,0.0005,0.0,0.5,0.5956857242838007,0.7815126050420168
7,3,2,8,128,lion,0.0005,0.0,0.5,0.3013544555821332,0.8993288590604027
7,4,4,1,64,sgd,0.01,0.001,0.5,0.5700968989619503,0.8093278463648834
7,4,0,7,64,sgd,0.005,0.001,0.5,0.7214442428918034,0.7530695770804912
7,4,3,0,128,sgd,0.01,0.001,0.5,0.46274610649949116,0.8434832100170746
7,4,1,9,128,sgd,0.01,0.001,0.5,0.6464177137997305,0.7913165266106442
7,4,2,8,64,sgd,0.01,0.001,0.5,0.2946426022087053,0.8983700862895494
8,0,3,4,128,adamw,0.0005,1e-05,0.7,0.5421910775592919,0.8246445497630331
8,0,2,2,64,adamw,0.0005,1e-05,0.7,0.5001042212080095,0.8405977584059776
8,0,0,6,64,adamw,0.0005,1e-05,0.7,0.356823982591303,0.8852258852258852
8,0,1,7,128,adamw,0.0005,1e-05,0.7,0.6889817152797444,0.7708049113233287
8,0,4,9,64,adamw,0.001,1e-05,0.7,0.568582742488017,0.7955182072829131
8,1,3,4,64,sgd,0.001,0.0001,0.5,0.4910634917576354,0.8515007898894155
8,1,2,2,128,sgd,0.0005,0.0001,0.5,0.518325074004058,0.825653798256538
8,1,0,6,128,sgd,0.0005,0.0001,0.5,0.3341131012008886,0.8913308913308914
8,1,1,7,64,sgd,0.001,0.0001,0.5,0.6883006513850588,0.7653478854024557
8,1,4,9,128,sgd,0.001,0.0001,0.5,0.6375828069799087,0.7717086834733894
8,2,3,4,64,sgd,0.01,0.0001,0.5,0.5076503990950743,0.8420221169036335
8,2,2,2,128,sgd,0.001,0.0,0.7,0.47943857237975,0.8368617683686177
8,2,0,6,64,sgd,0.0005,0.0,0.95,0.33636878880243454,0.884004884004884
8,2,1,7,64,sgd,0.01,0.0001,0.5,0.6864606957643777,0.7694406548431105
8,2,4,9,64,sgd,0.005,0.0001,0.5,0.621214840926376,0.7857142857142857
8,3,3,4,128,lion,0.0005,0.0,0.5,0.6075282578973031,0.8056872037914692
8,3,2,2,128,lion,0.0005,0.0,0.5,0.5749248401685194,0.8231631382316313
8,3,0,6,128,lion,0.0005,0.0,0.5,0.3533890860857981,0.8888888888888888
8,3,1,7,64,lion,0.001,0.0,0.5,0.7495232317164683,0.7530695770804912
8,3,4,9,128,lion,0.0005,0.0,0.5,0.6028632184370559,0.7857142857142857
8,4,3,4,128,sgd,0.01,0.001,0.5,0.4894107094779022,0.8436018957345972
8,4,2,2,64,sgd,0.01,0.001,0.5,0.4972079989325213,0.8356164383561644
8,4,0,6,128,sgd,0.01,0.001,0.5,0.3354191530100155,0.8876678876678876
8,4,1,7,64,sgd,0.01,0.001,0.5,0.6955915635799809,0.7694406548431105
8,4,4,9,64,sgd,0.01,0.001,0.5,0.596350464500299,0.7913165266106442
9,0,1,1,128,adamw,0.001,1e-05,0.7,0.5195767529543862,0.821673525377229
9,0,3,2,128,adamw,0.0005,1e-05,0.7,0.4890246923507225,0.8430884184308842
9,0,4,3,64,adamw,0.0005,1e-05,0.7,0.4588114466548951,0.8543388429752066
9,0,0,5,64,adamw,0.0005,1e-05,0.7,0.49398721678558316,0.8325942350332595
9,0,2,8,64,adamw,0.0005,1e-05,0.7,0.30049038499107983,0.8964525407478428
9,1,1,1,128,sgd,0.01,0.0001,0.5,0.538330412368879,0.8299039780521262
9,1,3,2,128,sgd,0.005,0.0001,0.5,0.4631315829373831,0.8505603985056039
9,1,4,3,128,sgd,0.003,0.0001,0.5,0.4308552328220084,0.8553719008264463
9,1,0,5,64,sgd,0.003,0.0001,0.5,0.5174515865858801,0.8370288248337029
9,1,2,8,128,sgd,0.005,0.0001,0.5,0.2988370818408315,0.8983700862895494
9,2,1,1,128,sgd,0.001,0.0,0.7,0.5217916874319765,0.821673525377229
9,2,3,2,64,sgd,0.01,0.0001,0.5,0.4893185112574329,0.8343711083437111
9,2,4,3,64,sgd,0.001,0.0,0.95,0.45876793230860685,0.8533057851239669
9,2,0,5,64,sgd,0.0005,0.0,0.95,0.514015829087361,0.835920177383592
9,2,2,8,128,sgd,0.001,0.0,0.7,0.3076346720910827,0.900287631831256
9,3,1,1,128,sgd,0.005,0.0001,0.5,0.5240172098284722,0.8175582990397805
9,3,3,2,64,sgd,0.005,0.0001,0.5,0.4883276387436749,0.8418430884184309
9,3,4,3,128,sgd,0.01,0.0001,0.5,0.4452363247713767,0.856404958677686
9,3,0,5,64,sgd,0.01,0.0001,0.5,0.5101158240946327,0.8353658536585366
9,3,2,8,128,sgd,0.01,0.0001,0.5,0.29158536054029677,0.8916586768935763
9,4,1,1,128,sgd,0.01,0.001,0.5,0.5277443782455801,0.8285322359396433
9,4,3,2,128,sgd,0.01,0.001,0.5,0.4847933344199678,0.8455790784557908
9,4,4,3,128,sgd,0.01,0.001,0.5,0.44255859103084594,0.856404958677686
9,4,0,5,128,sgd,0.01,0.001,0.5,0.5014132998735042,0.8403547671840355
9,4,2,8,64,sgd,0.01,0.001,0.5,0.28893416897105345,0.9041227229146692
10,0,3,1,128,adamw,0.0005,1e-05,0.7,0.4941894159804319,0.8340192043895748
10,0,1,2,128,adamw,0.0005,1e-05,0.7,0.48779877422755563,0.8518057285180572
10,0,0,4,64,adamw,0.0005,1e-05,0.7,0.47776659249694425,0.8530805687203792
10,0,2,3,64,adamw,0.0005,1e-05,0.7,0.4581433820330407,0.8584710743801653
10,0,4,5,64,adamw,0.0005,1e-05,0.7,0.4761891194563483,0.8375831485587583
10,1,3,1,128,sgd,0.005,0.0001,0.5,0.5320540079527595,0.8244170096021948
10,1,1,2,64,sgd,0.003,0.0001,0.5,0.46506584689002556,0.8493150684931506
10,1,0,4,128,sgd,0.005,0.0001,0.5,0.4572794732135996,0.8609794628751974
10,1,2,3,128,sgd,0.005,0.0001,0.5,0.42814614408272356,0.8605371900826446
10,1,4,5,128,sgd,0.003,0.0001,0.5,0.5041818197180585,0.8375831485587583
10,2,3,1,64,sgd,0.01,0.0001,0.5,0.5164024010607244,0.8299039780521262
10,2,1,2,128,sgd,0.001,0.0,0.7,0.41792313370431494,0.8542963885429639
10,2,0,4,64,sgd,0.001,0.0,0.7,0.4433517470179011,0.8641390205371248
10,2,2,3,128,sgd,0.001,0.0,0.7,0.4239685274352712,0.859504132231405
10,2,4,5,64,sgd,0.001,0.0,0.95,0.5063695463531562,0.8309312638580931
10,3,3,1,64,sgd,0.005,0.0001,0.5,0.5196880305745474,0.8299039780521262
10,3,1,2,128,sgd,0.005,0.0001,0.5,0.4448484512669954,0.8530510585305106
10,3,0,4,128,sgd,0.01,0.0001,0.5,0.4560112034634203,0.8593996840442338
10,3,2,3,128,sgd,0.01,0.0001,0.5,0.44848493899195646,0.859504132231405
10,3,4,5,128,sgd,0.01,0.0001,0.5,0.5062841200775687,0.8425720620842572
10,4,3,1,128,sgd,0.01,0.001,0.5,0.516678767521522,0.8381344307270233
10,4,1,2,64,sgd,0.01,0.001,0.5,0.48684271706145255,0.8418430884184309
10,4,0,4,128,sgd,0.01,0.001,0.5,0.4577479951472079,0.8515007898894155
10,4,2,3,64,sgd,0.01,0.001,0.5,0.4363981618368921,0.859504132231405
10,4,4,5,128,sgd,0.01,0.001,0.5,0.5035185812582198,0.8425720620842572
11,0,0,1,64,adamw,0.0005,1e-05,0.7,0.4481992225261055,0.8449931412894376
11,0,3,2,128,adamw,0.0005,1e-05,0.7,0.4586164459938724,0.8592777085927771
11,0,2,0,64,adamw,0.0005,1e-05,0.7,0.3765277500748295,0.8747865680136596
11,0,1,6,64,adamw,0.0005,1e-05,0.7,0.31829666148903024,0.8962148962148963
11,0,4,9,64,adamw,0.0005,1e-05,0.7,0.5152417625866684,0.8109243697478992
11,1,0,1,128,adamw,0.003,1e-05,0.5,0.6465611293482683,0.7873799725651578
11,1,3,2,128,adamw,0.0005,1e-05,0.5,0.45892584197696384,0.8592777085927771
11,1,2,0,128,adamw,0.001,1e-05,0.5,0.3981886117480055,0.8673875924871941
11,1,1,6,128,adamw,0.001,1e-05,0.5,0.3283045834819621,0.8852258852258852
11,1,4,9,64,adamw,0.0005,1e-05,0.5,0.5171059025268928,0.8025210084033614
11,2,0,1,64,sgd,0.001,0.0,0.7,0.5162741972749288,0.8367626886145405
11,2,3,2,128,sgd,0.001,0.0,0.7,0.4065912200386171,0.8530510585305106
11,2,2,0,128,sgd,0.001,0.0,0.7,0.3983612461190503,0.8639726807057484
11,2,4,9,64,sgd,0.001,0.0,0.7,0.5704587359054416,0.7871148459383753
11,2,1,6,128,sgd,0.001,0.0,0.7,0.2886022981415447,0.9023199023199023
11,3,0,1,128,sgd,0.01,0.001,0.5,0.49593594367775573,0.8436213991769548
11,3,3,2,128,sgd,0.01,0.001,0.5,0.45573817488562274,0.8580323785803238
11,3,2,0,64,sgd,0.005,0.001,0.5,0.39602407796110156,0.8685258964143426
11,3,1,6,128,sgd,0.005,0.001,0.5,0.29353065437595194,0.9047619047619048
11,3,4,9,128,sgd,0.01,0.001,0.5,0.5891989055467921,0.7997198879551821
11,4,0,1,128,sgd,0.01,0.001,0.5,0.5081499562750792,0.8477366255144033
11,4,3,2,64,sgd,0.01,0.001,0.5,0.5031892616454869,0.8468244084682441
11,4,2,0,64,sgd,0.01,0.001,0.5,0.37327694310236875,0.8764940239043825
11,4,1,6,64,sgd,0.01,0.001,0.5,0.31590352310220254,0.894993894993895
11,4,4,9,64,lion,0.0005,0.001,0.5,0.5719002403464972,0.7927170868347339
12,0,2,3,64,adamw,0.0005,1e-05,0.7,0.4182011642731911,0.8636363636363636
12,0,3,0,128,radam,0.0005,0.001,0.7,0.3770321439156562,0.8753557199772339
12,0,4,4,64,adamw,0.001,1e-05,0.7,0.4500396827480051,0.8657187993680885
12,0,1,7,64,adamw,0.0005,1e-05,0.7,0.6354242076164703,0.7871759890859482
12,0,0,9,64,adamw,0.0005,1e-05,0.7,0.5308957831198428,0.7983193277310925
12,1,2,3,128,adamw,0.001,1e-05,0.5,0.41101335444726234,0.8677685950413223
12,1,3,0,128,adamw,0.0005,1e-05,0.5,0.37853250892988716,0.8821855435401252
12,1,4,4,64,adamw,0.001,1e-05,0.5,0.4771112910755814,0.8483412322274881
12,1,1,7,128,adamw,0.001,1e-05,0.5,0.6343330901934375,0.7735334242837654
12,1,0,9,128,adamw,0.001,1e-05,0.5,0.5455254105960622,0.803921568627451
12,2,2,3,128,sgd,0.001,0.0,0.7,0.40386450783280303,0.8698347107438017
12,2,4,4,128,sgd,0.001,0.0,0.7,0.41002084157101537,0.8688783570300158
12,2,3,0,128,sgd,0.001,0.0,0.7,0.395398022847618,0.8656801365964713
12,2,1,7,128,sgd,0.001,0.0,0.7,0.5549338955183146,0.8158253751705321
12,2,0,9,128,sgd,0.001,0.0,0.7,0.5721616840162197,0.7927170868347339
12,3,2,3,64,sgd,0.005,0.001,0.5,0.4059035403669373,0.8760330578512396
12,3,3,0,128,sgd,0.01,0.001,0.5,0.39256822816947,0.869095048377917
12,3,4,4,128,sgd,0.005,0.001,0.5,0.42313252278790464,0.8751974723538705
12,3,1,7,128,sgd,0.005,0.001,0.5,0.5591569670550982,0.8076398362892224
12,3,0,9,64,sgd,0.003,0.001,0.5,0.5848043884883741,0.7927170868347339
12,4,2,3,64,sgd,0.01,0.001,0.5,0.4077978547939584,0.8822314049586777
12,4,4,4,128,sgd,0.01,0.001,0.5,0.42084051096608854,0.8720379146919431
12,4,3,0,64,sgd,0.01,0.001,0.5,0.3807596803118576,0.8816163915765509
12,4,1,7,64,sgd,0.01,0.001,0.5,0.5921188077773761,0.7953615279672579
12,4,0,9,64,sgd,0.01,0.001,0.5,0.5740933750523907,0.8053221288515406
13,0,3,1,128,radam,0.0005,0.001,0.7,0.43306540306376495,0.8422496570644719
13,0,0,6,128,adamw,0.0005,1e-05,0.7,0.30194363583866346,0.8998778998778999
13,0,4,0,64,adamw,0.001,1e-05,0.7,0.37148705830476336,0.8736482640865111
13,0,2,9,64,adamw,0.0005,1e-05,0.7,0.5324259139075667,0.8109243697478992
13,0,1,8,64,radam,0.0005,0.001,0.7,0.2603809778665193,0.9079578139980825
13,1,3,1,128,sgd,0.005,0.0001,0.5,0.4891039671475995,0.8545953360768176
13,1,0,6,128,sgd,0.01,0.0001,0.5,0.31109836966854604,0.894993894993895
13,1,4,0,128,sgd,0.01,0.0001,0.5,0.4002388496424708,0.8668184405236198
13,1,2,9,128,sgd,0.01,0.0001,0.5,0.5886118882844428,0.7983193277310925
13,1,1,8,128,sgd,0.003,0.0001,0.5,0.27230448805131485,0.9060402684563759
13,2,3,1,128,sgd,0.001,0.0,0.7,0.4781527258404652,0.8449931412894376
13,2,0,6,128,sgd,0.001,0.0,0.7,0.2836314081709027,0.9096459096459096
13,2,4,0,128,sgd,0.001,0.0,0.7,0.3935432816067404,0.8634035287421742
13,2,2,9,128,sgd,0.001,0.0,0.7,0.5739810917557788,0.7927170868347339
13,2,1,8,128,sgd,0.001,0.0,0.7,0.2742292153812438,0.912751677852349
13,3,3,1,128,sgd,0.01,0.001,0.5,0.49199034292020916,0.8532235939643347
13,3,0,6,128,sgd,0.005,0.001,0.5,0.2952016149539505,0.9120879120879121
13,3,4,0,128,sgd,0.005,0.001,0.5,0.3963023293540772,0.8753557199772339
13,3,2,9,64,sgd,0.005,0.001,0.5,0.6146271146979987,0.7969187675070029
13,3,1,8,64,sgd,0.005,0.001,0.5,0.27652249737416795,0.9079578139980825
13,4,3,1,64,sgd,0.01,0.0001,0.5,0.5071008702528003,0.8436213991769548
13,4,0,6,128,sgd,0.005,0.0001,0.5,0.2936705200590639,0.9035409035409036
13,4,4,0,128,sgd,0.01,0.0001,0.5,0.3979750970377458,0.8662492885600456
13,4,2,9,64,sgd,0.01,0.0001,0.5,0.5816074477858236,0.8011204481792717
13,4,1,8,64,sgd,0.01,0.0001,0.5,0.26804847190958425,0.9060402684563759
14,0,0,1,128,adamw,0.0005,1e-05,0.7,0.4354384942963944,0.8518518518518519
14,0,2,0,64,adamw,0.0005,1e-05,0.7,0.3515273126167673,0.8856004553215708
14,0,1,5,64,radam,0.0005,0.001,0.7,0.4136131186442999,0.8675166297117517
14,0,4,8,64,adamw,0.001,1e-05,0.7,0.2777112096348065,0.9079578139980825
14,0,3,9,64,adamw,0.0005,1e-05,0.7,0.5303065090620217,0.8053221288515406
14,1,0,1,128,sgd,0.01,0.0001,0.5,0.4943180381842929,0.8532235939643347
14,1,2,0,128,sgd,0.003,0.0001,0.5,0.39903032469288086,0.8651109846328969
14,1,1,5,128,sgd,0.003,0.0001,0.5,0.4700822661034019,0.8514412416851441
14,1,4,8,128,sgd,0.01,0.0001,0.5,0.2680695319792911,0.9022051773729626
14,1,3,9,128,sgd,0.01,0.0001,0.5,0.6064188395227704,0.7997198879551821
14,2,0,1,128,sgd,0.001,0.0,0.7,0.47988412315626366,0.8477366255144033
14,2,2,0,64,sgd,0.001,0.0,0.7,0.39527362074510036,0.8634035287421742
14,2,1,5,128,sgd,0.001,0.0,0.7,0.47181459474986515,0.8470066518847007
14,2,4,8,128,sgd,0.001,0.0,0.7,0.2733247475850388,0.909875359539789
14,2,3,9,128,sgd,0.001,0.0,0.7,0.5783995181238618,0.7955182072829131
14,3,0,1,128,sgd,0.005,0.001,0.5,0.4857441796033307,0.8587105624142661
14,3,2,0,128,sgd,0.005,0.001,0.5,0.40720438370327416,0.8747865680136596
14,3,1,5,64,sgd,0.005,0.001,0.5,0.4768399473304495,0.8481152993348116
14,3,4,8,128,sgd,0.005,0.001,0.5,0.2703826246874216,0.9117929050814957
14,3,3,9,64,sgd,0.005,0.001,0.5,0.6340015245085003,0.8011204481792717
14,4,0,1,128,sgd,0.005,0.0001,0.5,0.48435204415818467,0.8518518518518519
14,4,2,0,128,sgd,0.005,0.0001,0.5,0.4036359800896186,0.8679567444507683
14,4,1,5,64,sgd,0.01,0.0001,0.5,0.47922098081550685,0.8492239467849224
14,4,4,8,128,sgd,0.01,0.0001,0.5,0.26795127533540514,0.9079578139980825
14,4,3,9,64,sgd,0.005,0.0001,0.5,0.6069250457427081,0.8067226890756303
15,0,0,2,128,adamw,0.001,1e-05,0.7,0.41632283613512555,0.8605230386052304
15,0,1,3,64,radam,0.0005,0.001,0.7,0.3658371740136265,0.8832644628099173
15,0,2,4,64,adamw,0.0005,1e-05,0.7,0.4282137560900919,0.8609794628751974
15,0,4,7,64,adamw,0.001,1e-05,0.7,0.6050937478246338,0.7858117326057299
15,0,3,9,128,adamw,0.0005,1e-05,0.7,0.5247593954497692,0.8207282913165266
15,1,0,2,128,sgd,0.01,0.0001,0.5,0.4272374911593322,0.8617683686176837
15,1,1,3,128,sgd,0.003,0.0001,0.5,0.38493001608809163,0.878099173553719
15,1,2,4,128,sgd,0.003,0.0001,0.5,0.4065345423575638,0.8688783570300158
15,1,4,7,128,sgd,0.01,0.0001,0.5,0.5936543449129285,0.8021828103683493
15,1,3,9,128,sgd,0.01,0.0001,0.5,0.6172562383470082,0.7997198879551821
15,2,0,2,64,sgd,0.001,0.0,0.7,0.40890294907250413,0.8692403486924035
15,2,1,3,128,sgd,0.001,0.0,0.7,0.39597220903585767,0.875
15,2,2,4,64,sgd,0.001,0.0,0.7,0.4255046685348378,0.8688783570300158
15,2,4,7,128,sgd,0.001,0.0,0.7,0.5495083522747841,0.810368349249659
15,2,3,9,128,sgd,0.001,0.0,0.7,0.5856556600215388,0.7941176470588235
15,3,0,2,64,sgd,0.01,0.0001,0.5,0.4487337366136192,0.8530510585305106
15,3,1,3,64,sgd,0.01,0.0001,0.5,0.4203661606331502,0.8657024793388429
15,3,2,4,64,sgd,0.01,0.0001,0.5,0.45537925138481045,0.8562401263823065
15,3,4,7,128,sgd,0.01,0.0001,0.5,0.6081886618800898,0.7939972714870396
15,3,3,9,64,sgd,0.01,0.0001,0.5,0.5737485059169161,0.8011204481792717
15,4,0,2,64,sgd,0.0005,0.001,0.7,0.3748487777831694,0.8804483188044832
15,4,1,3,64,sgd,0.0005,0.001,0.7,0.34872752033974513,0.8842975206611571
15,4,2,4,64,sgd,0.0005,0.001,0.7,0.3605426871475262,0.8846761453396524
15,4,4,7,64,sgd,0.001,0.001,0.7,0.5413092685428843,0.8185538881309686
15,4,3,9,64,sgd,0.001,0.001,0.7,0.5188543609544343,0.8067226890756303
16,0,1,2,64,radam,0.0005,0.001,0.7,0.4052557368504155,0.8754669987546699
16,0,0,6,128,adamw,0.001,1e-05,0.7,0.3082971918204474,0.8925518925518926
16,0,3,0,64,radam,0.0005,0.001,0.7,0.3495662283782058,0.8861696072851452
16,0,2,7,64,adamw,0.0005,1e-05,0.7,0.5970629445527456,0.7939972714870396
16,0,4,8,64,radam,0.0005,0.001,0.7,0.24222975892165707,0.9204218600191755
16,1,1,2,128,sgd,0.003,0.0001,0.5,0.3983445438471707,0.8679950186799502
16,1,3,0,128,sgd,0.003,0.0001,0.5,0.3863823188423228,0.8742174160500854
16,1,0,6,128,sgd,0.01,0.0001,0.5,0.310571594043238,0.9047619047619048
16,1,2,7,128,sgd,0.003,0.0001,0.5,0.5544923418296799,0.8062755798090041
16,1,4,8,128,sgd,0.003,0.0001,0.5,0.2768524611156259,0.9060402684563759
16,2,1,2,128,sgd,0.001,0.0,0.7,0.39216002781097203,0.863013698630137
16,2,0,6,64,sgd,0.001,0.0,0.7,0.289890414301729,0.9084249084249084
16,2,3,0,64,sgd,0.001,0.0,0.7,0.39070870663268903,0.8708025042686397
16,2,2,7,64,sgd,0.001,0.0,0.7,0.564463173302264,0.8021828103683493
16,2,4,8,128,sgd,0.001,0.0,0.7,0.27146032504015893,0.9146692233940557
16,3,1,2,64,sgd,0.01,0.0001,0.5,0.459982361398628,0.8555417185554172
16,3,3,0,64,sgd,0.01,0.0001,0.5,0.37287870269135176,0.8787706317586795
16,3,0,6,64,sgd,0.01,0.0001,0.5,0.2986453647505815,0.9023199023199023
16,3,2,7,64,sgd,0.01,0.0001,0.5,0.6221328562311066,0.7830832196452933
16,3,4,8,128,sgd,0.01,0.0001,0.5,0.2666943014410975,0.9050814956855225
16,4,1,2,64,sgd,0.0005,0.001,0.7,0.37392163425127267,0.8816936488169365
16,4,3,0,128,sgd,0.0005,0.001,0.7,0.3416842487924263,0.8873079112122937
16,4,0,6,64,sgd,0.0005,0.001,0.7,0.26388330413745,0.9181929181929182
16,4,2,7,64,sgd,0.0005,0.001,0.7,0.5289896800605857,0.8240109140518418
16,4,4,8,64,sgd,0.0005,0.001,0.7,0.24190975898521402,0.9108341323106424
17,0,0,4,128,adamw,0.001,1e-05,0.7,0.4225508593269999,0.8704581358609794
17,0,2,2,128,adamw,0.001,1e-05,0.7,0.43124551816865486,0.8729763387297634
17,0,3,6,64,radam,0.0005,0.001,0.7,0.27805361122584316,0.9108669108669109
17,0,4,8,64,radam,0.0005,0.001,0.7,0.25101674065951074,0.9232981783317353
17,0,1,9,128,adamw,0.001,1e-05,0.7,0.5228946439358366,0.8123249299719888
17,1,0,4,64,adamw,0.0005,0.0001,0.5,0.40265571830961944,0.8609794628751974
17,1,2,2,128,adamw,0.0005,0.0001,0.5,0.4219289334446823,0.8854296388542964
17,1,3,6,128,adamw,0.0005,0.0001,0.5,0.2867501831098354,0.9084249084249084
17,1,4,8,128,adamw,0.0005,0.0001,0.5,0.2311321253801695,0.9175455417066155
17,1,1,9,128,adamw,0.0005,0.0001,0.5,0.5270908581776446,0.8277310924369747
17,2,0,4,64,sgd,0.001,0.0,0.7,0.42023986738063335,0.8672985781990521
17,2,2,2,128,sgd,0.001,0.0,0.7,0.3941025350562959,0.8692403486924035
17,2,3,6,64,sgd,0.001,0.0,0.7,0.29485313854520284,0.9047619047619048
17,2,4,8,128,sgd,0.001,0.0,0.7,0.2732688045398844,0.9137104506232023
17,2,1,9,128,sgd,0.001,0.0,0.7,0.5900505871331992,0.7899159663865546
17,3,0,4,128,sgd,0.001,0.001,0.5,0.3499046062688692,0.8894154818325435
17,3,2,2,64,sgd,0.001,0.001,0.5,0.3700389529892695,0.8792029887920298
17,3,3,6,64,sgd,0.0005,0.001,0.5,0.2629978817970616,0.9194139194139194
17,3,4,8,128,sgd,0.001,0.001,0.5,0.24185847584604644,0.9175455417066155
17,3,1,9,64,sgd,0.001,0.001,0.5,0.5081508158802652,0.8109243697478992
17,4,0,4,64,sgd,0.0005,0.001,0.7,0.3485379916796752,0.8862559241706162
17,4,2,2,64,sgd,0.0005,0.001,0.7,0.36988779757714657,0.8816936488169365
17,4,3,6,128,sgd,0.0005,0.001,0.7,0.26271351549651595,0.9169719169719169
17,4,4,8,64,sgd,0.0005,0.001,0.7,0.24308552315113985,0.9089165867689357
17,4,1,9,64,sgd,0.0005,0.001,0.7,0.5087661836661544,0.8123249299719888
18,0,1,1,64,radam,0.0005,0.001,0.7,0.36829292573883043,0.8737997256515775
18,0,0,2,128,adamw,0.001,1e-05,0.7,0.399631064306309,0.8717310087173101
18,0,4,0,64,radam,0.0005,0.001,0.7,0.34603989578881045,0.887877063175868
18,0,3,4,64,radam,0.0005,0.001,0.7,0.36649656385230417,0.8799368088467614
18,0,2,6,64,radam,0.0005,0.001,0.7,0.27825354609151753,0.9157509157509157
18,1,1,1,128,adamw,0.0005,0.0001,0.5,0.3848796486854553,0.8655692729766804
18,1,0,2,64,adamw,0.0005,0.0001,0.5,0.3800121720968415,0.8891656288916563
18,1,4,0,128,adamw,0.0005,0.0001,0.5,0.3397802090400583,0.8884462151394422
18,1,3,4,128,adamw,0.0005,0.0001,0.5,0.37486344072114425,0.8767772511848341
18,1,2,6,128,adamw,0.0005,0.0001,0.5,0.28026597487475263,0.9157509157509157
18,2,1,1,64,sgd,0.001,0.0,0.7,0.48363971489447133,0.8532235939643347
18,2,0,2,64,sgd,0.001,0.0,0.7,0.40998163425907547,0.8655043586550436
18,2,4,0,128,sgd,0.001,0.0,0.7,0.3815733936780138,0.8782014797951053
18,2,3,4,64,sgd,0.001,0.0,0.7,0.43017863295089576,0.8672985781990521
18,2,2,6,128,sgd,0.001,0.0,0.7,0.28873458481024183,0.9096459096459096
18,3,1,1,64,sgd,0.0005,0.001,0.5,0.43437024632108556,0.8463648834019204
18,3,0,2,128,sgd,0.001,0.001,0.5,0.3621141145639075,0.8816936488169365
18,3,4,0,128,sgd,0.001,0.001,0.5,0.3414947411928519,0.887877063175868
18,3,3,4,64,sgd,0.0005,0.001,0.5,0.3468366742699067,0.8925750394944708
18,3,2,6,128,sgd,0.001,0.001,0.5,0.2613845118236192,0.9181929181929182
18,4,1,1,64,adam,0.003,0.001,0.7,0.6967658975323859,0.7709190672153635
18,4,0,2,64,sgd,0.0005,0.001,0.7,0.36393063488517274,0.8804483188044832
18,4,4,0,64,sgd,0.0005,0.001,0.7,0.34719419469192886,0.8850313033579966
18,4,3,4,128,sgd,0.0005,0.001,0.7,0.34770979305014227,0.8941548183254344
18,4,2,6,128,sgd,0.0005,0.001,0.7,0.2612692160629673,0.9181929181929182
19,0,4,2,64,radam,0.0005,0.001,0.7,0.4020462084751794,0.8866749688667497
19,0,2,6,64,radam,0.0005,0.001,0.7,0.28357633817326894,0.9120879120879121
19,0,1,7,64,radam,0.0005,0.001,0.7,0.5495926166946858,0.8294679399727148
19,0,0,8,128,radam,0.0005,0.001,0.7,0.2339523367348019,0.9300095877277086
19,0,3,9,64,radam,0.0005,0.001,0.7,0.5293747432091657,0.8249299719887955
19,1,4,2,128,adamw,0.0005,0.0001,0.5,0.43310428289221053,0.8792029887920298
19,1,2,6,128,adamw,0.0005,0.0001,0.5,0.2788331768451593,0.9145299145299145
19,1,1,7,128,adamw,0.0005,0.0001,0.5,0.572015451092024,0.8171896316507503
19,1,0,8,128,adamw,0.0005,0.0001,0.5,0.22195761095757452,0.9271332694151486
19,1,3,9,128,adamw,0.0005,0.0001,0.5,0.5313561380076475,0.8179271708683473
19,2,2,6,128,sgd,0.0005,0.001,0.5,0.2649782649326674,0.9145299145299145
19,2,4,2,64,sgd,0.0005,0.001,0.5,0.3644308945161765,0.8792029887920298
19,2,1,7,64,sgd,0.001,0.001,0.5,0.5199901445338053,0.8212824010914052
19,2,0,8,64,sgd,0.0005,0.001,0.5,0.2505672182012724,0.912751677852349
19,2,3,9,64,sgd,0.0005,0.001,0.5,0.5145240743287137,0.819327731092437
19,3,4,2,128,sgd,0.001,0.001,0.5,0.36316282785547477,0.8816936488169365
19,3,2,6,128,sgd,0.001,0.001,0.5,0.26048960885139905,0.9169719169719169
19,3,1,7,64,sgd,0.001,0.001,0.5,0.5196724920692418,0.8240109140518418
19,3,0,8,128,sgd,0.001,0.001,0.5,0.24327403429827776,0.9165867689357622
19,3,3,9,64,sgd,0.0005,0.001,0.5,0.5147211236112258,0.819327731092437
19,4,4,2,128,sgd,0.0005,0.001,0.5,0.36852393367073755,0.8792029887920298
19,4,2,6,64,sgd,0.0005,0.001,0.5,0.2617888282143007,0.9194139194139194
19,4,1,7,128,sgd,0.0005,0.001,0.5,0.5135359979180002,0.834924965893588
19,4,0,8,64,sgd,0.001,0.001,0.5,0.2419956036176343,0.9108341323106424
19,4,3,9,64,sgd,0.0005,0.001,0.5,0.5147670240295368,0.8179271708683473
20,0,2,6,64,radam,0.0005,0.001,0.7,0.29600846290733934,0.9120879120879121
20,0,0,7,128,radam,0.0005,0.001,0.7,0.5596580781438991,0.8294679399727148
20,0,4,0,64,radam,0.0005,0.001,0.7,0.3518179734457469,0.894137734775185
20,0,3,9,64,radam,0.0005,0.001,0.7,0.5257305598893419,0.834733893557423
20,0,1,8,64,radam,0.0005,0.001,0.7,0.25644976670710035,0.9261744966442953
20,1,2,6,128,adamw,0.0005,0.0001,0.5,0.27842428050343954,0.9194139194139194
20,1,0,7,128,adamw,0.0005,0.0001,0.5,0.580654960293399,0.819918144611187
20,1,4,0,128,adamw,0.0005,0.0001,0.5,0.337951269028332,0.8958451906659078
20,1,3,9,64,adamw,0.0005,0.0001,0.5,0.5035516863443604,0.8263305322128851
20,1,1,8,64,adamw,0.0005,0.0001,0.5,0.2329216580034331,0.9261744966442953
20,2,2,6,128,sgd,0.0005,0.001,0.5,0.26712641476565957,0.9169719169719169
20,2,0,7,64,sgd,0.0005,0.001,0.5,0.5108964503380644,0.8321964529331515
20,2,4,0,64,sgd,0.0005,0.001,0.5,0.342807493073464,0.8873079112122937
20,2,3,9,64,sgd,0.0005,0.001,0.5,0.5072220127288701,0.8221288515406162
20,2,1,8,64,sgd,0.0005,0.001,0.5,0.25040775728934334,0.9117929050814957
20,3,2,6,128,sgd,0.001,0.001,0.5,0.26098969014718565,0.9169719169719169
20,3,0,7,128,sgd,0.001,0.001,0.5,0.504082153552551,0.8308321964529332
20,3,4,0,128,sgd,0.001,0.001,0.5,0.341594163012491,0.8861696072851452
20,3,3,9,64,sgd,0.001,0.001,0.5,0.5022171889366556,0.8123249299719888
20,3,1,8,64,sgd,0.001,0.001,0.5,0.24252872886216537,0.9117929050814957
20,4,2,6,64,sgd,0.0005,0.001,0.5,0.2618052840815068,0.9145299145299145
20,4,4,0,128,sgd,0.0005,0.001,0.5,0.3413818852597499,0.8827546955036994
20,4,0,7,64,sgd,0.001,0.001,0.5,0.5151215987267306,0.82537517053206
20,4,3,9,64,sgd,0.001,0.001,0.5,0.5037346216810852,0.8151260504201681
20,4,1,8,64,sgd,0.0005,0.001,0.5,0.24962199214320854,0.9108341323106424
