seed,phase,checkpoint,position,is_expert,batch_size,optimizer,lr,weight_decay,momentum,clients,ckpt_val_acc,ckpt_test_acc,val_acc,test_acc,seconds
0,sequential,-,1,1,64,sgd,0.01,0.0,0.9,1 3 5 6 8,0.1009,0.1037,0.1174,0.1236,99.0
0,sequential,-,2,0,128,lion,0.0005,0.0001,0.95,1 2 3 4 9,0.1174,0.1236,0.2309,0.2381,185.8
0,sequential,-,3,0,128,radam,0.005,0.0001,0.7,0 6 7 8 9,0.2309,0.2381,0.4751,0.4668,145.5
0,sequential,-,4,0,64,radam,0.001,0.0,0.9,1 2 5 7 8,0.4751,0.4668,0.6612,0.6601,150.6
0,common,cold,1,1,64,sgd,0.01,0.0,0.9,2 4 5 8 9,0.1009,0.1037,0.1237,0.123,170.3
0,common,cold,2,0,128,lion,0.0005,0.0001,0.95,2 4 5 8 9,0.1009,0.1037,0.1016,0.1,173.6
0,common,cold,3,0,128,radam,0.005,0.0001,0.7,2 4 5 8 9,0.1009,0.1037,0.1016,0.1001,174.6
0,common,cold,4,0,64,radam,0.001,0.0,0.9,2 4 5 8 9,0.1009,0.1037,0.145,0.1456,177.6
0,common,warm,1,1,64,sgd,0.01,0.0,0.9,2 4 5 8 9,0.6612,0.6601,0.6785,0.6795,170.3
0,common,warm,2,0,128,lion,0.0005,0.0001,0.95,2 4 5 8 9,0.6612,0.6601,0.673,0.675,173.5
0,common,warm,3,0,128,radam,0.005,0.0001,0.7,2 4 5 8 9,0.6612,0.6601,0.6602,0.6584,174.9
0,common,warm,4,0,64,radam,0.001,0.0,0.9,2 4 5 8 9,0.6612,0.6601,0.6984,0.7019,177.8
1,sequential,-,1,1,64,sgd,0.01,0.0,0.9,0 4 5 6 9,0.0757,0.0719,0.1978,0.2013,111.4
1,sequential,-,2,0,64,sgd,0.0005,0.0001,0.5,0 1 3 4 6,0.1978,0.2013,0.4058,0.4068,144.2
1,sequential,-,3,0,128,lion,0.005,0.001,0.7,0 1 7 8 9,0.4058,0.4068,0.0973,0.1,131.5
1,sequential,-,4,0,64,lion,0.0005,0.001,0.95,0 1 2 3 8,0.0973,0.1,0.3903,0.3951,192.5
1,common,cold,1,1,64,sgd,0.01,0.0,0.9,0 1 2 5 6,0.0757,0.0719,0.1845,0.1838,154.5
1,common,cold,2,0,64,sgd,0.0005,0.0001,0.5,0 1 2 5 6,0.0757,0.0719,0.2478,0.253,156.2
1,common,cold,3,0,128,lion,0.005,0.001,0.7,0 1 2 5 6,0.0757,0.0719,0.1307,0.1369,156.9
1,common,cold,4,0,64,lion,0.0005,0.001,0.95,0 1 2 5 6,0.0757,0.0719,0.1267,0.127,161.0
1,common,warm,1,1,64,sgd,0.01,0.0,0.9,0 1 2 5 6,0.3903,0.3951,0.5587,0.5593,154.7
1,common,warm,2,0,64,sgd,0.0005,0.0001,0.5,0 1 2 5 6,0.3903,0.3951,0.5496,0.5461,156.4
1,common,warm,3,0,128,lion,0.005,0.001,0.7,0 1 2 5 6,0.3903,0.3951,0.1998,0.2072,157.2
1,common,warm,4,0,64,lion,0.0005,0.001,0.95,0 1 2 5 6,0.3903,0.3951,0.5369,0.5389,160.8
2,sequential,-,1,1,64,sgd,0.01,0.0,0.9,2 3 6 8 9,0.1015,0.0981,0.1294,0.1306,129.0
2,sequential,-,2,0,64,adam,0.0005,0.0001,0.7,0 1 2 3 4,0.1294,0.1306,0.527,0.5131,148.8
2,sequential,-,3,0,128,radam,0.01,1e-05,0.5,1 2 3 5 8,0.527,0.5131,0.4889,0.4755,158.9
2,sequential,-,4,0,64,lion,0.005,0.0001,0.95,0 2 3 5 6,0.4889,0.4755,0.5388,0.531,182.3
2,common,cold,1,1,64,sgd,0.01,0.0,0.9,1 3 4 5 8,0.1015,0.0981,0.1092,0.1139,150.7
2,common,cold,2,0,64,adam,0.0005,0.0001,0.7,1 3 4 5 8,0.1015,0.0981,0.0969,0.1025,157.1
2,common,cold,3,0,128,radam,0.01,1e-05,0.5,1 3 4 5 8,0.1015,0.0981,0.0948,0.1,154.0
2,common,cold,4,0,64,lion,0.005,0.0001,0.95,1 3 4 5 8,0.1015,0.0981,0.1041,0.1017,156.6
2,common,warm,1,1,64,sgd,0.01,0.0,0.9,1 3 4 5 8,0.5388,0.531,0.6723,0.6592,150.6
2,common,warm,2,0,64,adam,0.0005,0.0001,0.7,1 3 4 5 8,0.5388,0.531,0.6607,0.6485,156.5
2,common,warm,3,0,128,radam,0.01,1e-05,0.5,1 3 4 5 8,0.5388,0.531,0.6165,0.6019,154.2
2,common,warm,4,0,64,lion,0.005,0.0001,0.95,1 3 4 5 8,0.5388,0.531,0.585,0.574,156.7
