config,seed,scenario_name,run_id,status,returncode,peak_eval_acc,final_eval_acc,num_eval_rounds,wall_seconds,git_sha,tag,started_at,finished_at
configs/fixed_expert_cifar.yaml,0,fixed_expert_cifar,20260519_020412,ok,0,0.8466,0.8337,20,2982.1,4a941f88e2dcdcc3d5e8533ff00baaac3d154a8f,stageC-comparison,2026-05-19T02:04:05,2026-05-19T02:53:48
configs/fixed_expert_cifar.yaml,1,fixed_expert_cifar,20260519_025354,ok,0,0.8414999999999999,0.8328,20,3081.0,5d63776ac85be19917d967816930ef69536b9a04,stageC-comparison,2026-05-19T02:53:48,2026-05-19T03:45:09
configs/fixed_expert_cifar.yaml,2,fixed_expert_cifar,20260519_034515,ok,0,0.8516999999999999,0.8411000000000001,20,3024.2,5d63776ac85be19917d967816930ef69536b9a04,stageC-comparison,2026-05-19T03:45:09,2026-05-19T04:35:33
configs/fixed_expert_cifar.yaml,3,fixed_expert_cifar,20260519_043539,ok,0,0.8392999999999999,0.8392999999999999,20,3032.1,5d63776ac85be19917d967816930ef69536b9a04,stageC-comparison,2026-05-19T04:35:33,2026-05-19T05:26:05
configs/fixed_expert_cifar.yaml,4,fixed_expert_cifar,20260519_052611,ok,0,0.8444,0.8381000000000001,20,2951.1,5d63776ac85be19917d967816930ef69536b9a04,stageC-comparison,2026-05-19T05:26:05,2026-05-19T06:15:16
configs/fixed_naive_cifar.yaml,0,fixed_naive_cifar,20260519_061523,ok,0,0.7731,0.7731,20,2843.4,5d63776ac85be19917d967816930ef69536b9a04,stageC-comparison,2026-05-19T06:15:16,2026-05-19T07:02:40
configs/fixed_naive_cifar.yaml,1,fixed_naive_cifar,20260519_070246,ok,0,0.7928000000000001,0.7928000000000001,20,3032.5,5d63776ac85be19917d967816930ef69536b9a04,stageC-comparison,2026-05-19T07:02:40,2026-05-19T07:53:12
configs/fixed_naive_cifar.yaml,2,fixed_naive_cifar,20260519_075318,ok,0,0.7874000000000001,0.7727999999999999,20,3069.1,5d63776ac85be19917d967816930ef69536b9a04,stageC-comparison,2026-05-19T07:53:12,2026-05-19T08:44:21
configs/fixed_naive_cifar.yaml,3,fixed_naive_cifar,20260519_084428,ok,0,0.7722000000000002,0.7722000000000002,20,3033.7,5d63776ac85be19917d967816930ef69536b9a04,stageC-comparison,2026-05-19T08:44:21,2026-05-19T09:34:55
configs/fixed_naive_cifar.yaml,4,fixed_naive_cifar,20260519_093501,ok,0,0.7853000000000001,0.7853000000000001,20,3155.2,5d63776ac85be19917d967816930ef69536b9a04,stageC-comparison,2026-05-19T09:34:55,2026-05-19T10:27:30
configs/fixed_expert_femnist.yaml,0,fixed_expert_femnist,20260520_141332,ok,0,0.8281000000000001,0.8209,20,569.6,38a55c4dceb412e407dfdde52fb54ad39f7d9052,stageE-femnist,2026-05-20T14:13:10,2026-05-20T14:22:39
configs/fixed_expert_femnist.yaml,2,fixed_expert_femnist,20260520_143305,ok,0,0.8331999999999999,0.8171,20,564.4,38a55c4dceb412e407dfdde52fb54ad39f7d9052,stageE-femnist,2026-05-20T14:32:42,2026-05-20T14:42:07
configs/fixed_naive_femnist.yaml,0,fixed_naive_femnist,20260520_144230,ok,0,0.8306000000000002,0.8282,20,606.3,0b4ff7ae41f29365583e1f05215725ab3b401440,stageE-femnist,2026-05-20T14:42:07,2026-05-20T14:52:13
configs/fixed_naive_femnist.yaml,1,fixed_naive_femnist,20260520_145236,ok,0,0.8318000000000001,0.8318000000000001,20,626.9,0b4ff7ae41f29365583e1f05215725ab3b401440,stageE-femnist,2026-05-20T14:52:13,2026-05-20T15:02:40
configs/fixed_naive_femnist.yaml,2,fixed_naive_femnist,20260520_150302,ok,0,0.8302999999999999,0.8267,20,615.6,0b4ff7ae41f29365583e1f05215725ab3b401440,stageE-femnist,2026-05-20T15:02:40,2026-05-20T15:12:56
configs/fixed_expert_smallcnn.yaml,0,fixed_expert_smallcnn,20260527_170628,ok,0,0.6554,0.6554,20,526.6,a83302ec788cf91a9ebe48468ec065ecf3a6ff43,stageG-small-model,2026-05-27T17:06:22,2026-05-27T17:15:08
configs/fixed_expert_smallcnn.yaml,1,fixed_expert_smallcnn,20260527_171515,ok,0,0.6798000000000001,0.6798000000000001,20,497.6,534245b2b2e110f16fc1aa13de0bb3d2fc5c1608,stageG-small-model,2026-05-27T17:15:08,2026-05-27T17:23:26
configs/fixed_expert_smallcnn.yaml,2,fixed_expert_smallcnn,20260527_172332,ok,0,0.6544,0.6544,20,480.2,534245b2b2e110f16fc1aa13de0bb3d2fc5c1608,stageG-small-model,2026-05-27T17:23:26,2026-05-27T17:31:26
configs/fixed_naive_smallcnn.yaml,0,fixed_naive_smallcnn,20260527_173133,ok,0,0.5912,0.5907,20,520.9,534245b2b2e110f16fc1aa13de0bb3d2fc5c1608,stageG-small-model,2026-05-27T17:31:26,2026-05-27T17:40:07
configs/fixed_naive_smallcnn.yaml,1,fixed_naive_smallcnn,20260527_174013,ok,0,0.6213,0.6213,20,472.0,534245b2b2e110f16fc1aa13de0bb3d2fc5c1608,stageG-small-model,2026-05-27T17:40:07,2026-05-27T17:47:59
configs/fixed_naive_smallcnn.yaml,2,fixed_naive_smallcnn,20260527_174805,ok,0,0.6198000000000001,0.6122000000000002,20,470.4,534245b2b2e110f16fc1aa13de0bb3d2fc5c1608,stageG-small-model,2026-05-27T17:47:59,2026-05-27T17:55:49
configs/fixed_expert_femnist.yaml,1,fixed_expert_femnist,20260810_013036,ok,0,0.8307,0.8242,20,584.8,534245b2b2e110f16fc1aa13de0bb3d2fc5c1608,stageE-femnist-fix,2026-08-10T01:30:11,2026-08-10T01:39:56
configs/fixed_expert_alpha01.yaml,0,fixed_expert_alpha01,20260810_172002,ok,0,0.7035,0.6905,20,2921.7,d8443d33f47cae01561bffe2c1c5359f9b0c7207,stageI-alpha01,2026-08-10T17:19:17,2026-08-10T18:07:59
configs/fixed_expert_alpha01.yaml,1,fixed_expert_alpha01,20260810_180927,ok,0,0.7243,0.6127,20,2845.6,d8443d33f47cae01561bffe2c1c5359f9b0c7207,stageI-alpha01,2026-08-10T18:08:22,2026-08-10T18:55:47
configs/fixed_expert_alpha01.yaml,2,fixed_expert_alpha01,20260810_185654,ok,0,0.7438,0.7286,20,3282.7,d8443d33f47cae01561bffe2c1c5359f9b0c7207,stageI-alpha01,2026-08-10T18:55:47,2026-08-10T19:50:30
configs/fixed_naive_alpha01.yaml,0,fixed_naive_alpha01,20260813_203037,ok,0,0.4854,0.4569,20,3039.3,da3880ddac5891fd7e7f55f5e5c2b1f62c4f942a,boundary-fill,2026-08-13T20:30:27,2026-08-13T21:21:06
configs/fixed_naive_alpha01.yaml,1,fixed_naive_alpha01,20260813_212134,ok,0,0.6019,0.4852,20,3155.3,da3880ddac5891fd7e7f55f5e5c2b1f62c4f942a,boundary-fill,2026-08-13T21:21:06,2026-08-13T22:13:42
configs/fixed_naive_alpha01.yaml,2,fixed_naive_alpha01,20260813_221358,ok,0,0.55,0.5271000000000001,20,3183.1,da3880ddac5891fd7e7f55f5e5c2b1f62c4f942a,boundary-fill,2026-08-13T22:13:42,2026-08-13T23:06:45
configs/ga_broadcast_cifar.yaml,0,ga_broadcast_cifar,20260924_210944,ok,0,0.8189,0.8091,20,3181.0,da3880ddac5891fd7e7f55f5e5c2b1f62c4f942a,valfit-main,2026-09-24T21:09:37,2026-09-24T22:02:38
configs/ga_broadcast_cifar.yaml,1,ga_broadcast_cifar,20260924_220245,ok,0,0.7800000000000001,0.7800000000000001,20,2999.8,da3880ddac5891fd7e7f55f5e5c2b1f62c4f942a,valfit-main,2026-09-24T22:02:38,2026-09-24T22:52:38
configs/ga_broadcast_cifar.yaml,2,ga_broadcast_cifar,20260924_225245,ok,0,0.7948000000000001,0.7818,20,3098.7,da3880ddac5891fd7e7f55f5e5c2b1f62c4f942a,valfit-main,2026-09-24T22:52:38,2026-09-24T23:44:17
configs/ga_broadcast_cifar.yaml,3,ga_broadcast_cifar,20260924_234423,ok,0,0.7906000000000001,0.7906000000000001,20,3014.9,61b6d540bf34aa65042535e982e028a683ca88e0,valfit-main,2026-09-24T23:44:17,2026-09-25T00:34:32
configs/ga_broadcast_cifar.yaml,4,ga_broadcast_cifar,20260925_003438,ok,0,0.7694000000000001,0.7489,20,3128.5,61b6d540bf34aa65042535e982e028a683ca88e0,valfit-main,2026-09-25T00:34:32,2026-09-25T01:26:40
configs/rs_broadcast_cifar.yaml,0,rs_broadcast_cifar,20260925_012709,ok,0,0.7789,0.7789,20,3247.5,61b6d540bf34aa65042535e982e028a683ca88e0,valfit-main-baselines,2026-09-25T01:27:03,2026-09-25T02:21:10
configs/rs_broadcast_cifar.yaml,1,rs_broadcast_cifar,20260925_022117,ok,0,0.7080000000000001,0.2866,20,3127.4,61b6d540bf34aa65042535e982e028a683ca88e0,valfit-main-baselines,2026-09-25T02:21:10,2026-09-25T03:13:18
configs/rs_broadcast_cifar.yaml,2,rs_broadcast_cifar,20260925_031324,ok,0,0.7814000000000001,0.7203,20,3085.2,61b6d540bf34aa65042535e982e028a683ca88e0,valfit-main-baselines,2026-09-25T03:13:18,2026-09-25T04:04:43
configs/tpe_broadcast_cifar.yaml,0,tpe_broadcast_cifar,20260925_040449,ok,0,0.8003,0.7952000000000002,20,2965.7,61b6d540bf34aa65042535e982e028a683ca88e0,valfit-main-baselines,2026-09-25T04:04:43,2026-09-25T04:54:09
configs/tpe_broadcast_cifar.yaml,1,tpe_broadcast_cifar,20260925_045415,ok,0,0.8159,0.8159,20,3104.4,61b6d540bf34aa65042535e982e028a683ca88e0,valfit-main-baselines,2026-09-25T04:54:09,2026-09-25T05:45:53
configs/tpe_broadcast_cifar.yaml,2,tpe_broadcast_cifar,20260925_054600,ok,0,0.7365999999999999,0.7365999999999999,20,2962.7,61b6d540bf34aa65042535e982e028a683ca88e0,valfit-main-baselines,2026-09-25T05:45:53,2026-09-25T06:35:16
configs/ga_perclient_cifar.yaml,0,ga_perclient_cifar,20260925_063522,ok,0,0.8407,0.8407,20,8999.2,61b6d540bf34aa65042535e982e028a683ca88e0,valfit-main-perclient,2026-09-25T06:35:16,2026-09-25T09:05:15
configs/ga_perclient_cifar.yaml,1,ga_perclient_cifar,20260925_090522,ok,0,0.8375999999999999,0.8339000000000001,20,8757.8,61b6d540bf34aa65042535e982e028a683ca88e0,valfit-main-perclient,2026-09-25T09:05:15,2026-09-25T11:31:13
configs/ga_perclient_cifar.yaml,2,ga_perclient_cifar,20260925_113121,ok,0,0.8273000000000001,0.8089000000000001,20,8229.9,61b6d540bf34aa65042535e982e028a683ca88e0,valfit-main-perclient,2026-09-25T11:31:13,2026-09-25T13:48:23
configs/ga_perclient_cifar.yaml,3,ga_perclient_cifar,20260925_134829,ok,0,0.8283,0.8283,20,8373.6,61b6d540bf34aa65042535e982e028a683ca88e0,valfit-main-perclient,2026-09-25T13:48:23,2026-09-25T16:07:57
configs/ga_perclient_cifar.yaml,4,ga_perclient_cifar,20260925_160803,ok,0,0.8266,0.8265,20,8448.6,61b6d540bf34aa65042535e982e028a683ca88e0,valfit-main-perclient,2026-09-25T16:07:57,2026-09-25T18:28:45
configs/ga_surrogate_cifar.yaml,0,ga_surrogate_cifar,20260925_200544,ok,0,0.8015,0.7848,20,3750.5,61b6d540bf34aa65042535e982e028a683ca88e0,valfit-main-surrogate,2026-09-25T20:05:37,2026-09-25T21:08:08
configs/ga_surrogate_cifar.yaml,1,ga_surrogate_cifar,20260925_210814,ok,0,0.8288000000000001,0.8288000000000001,20,3889.3,61b6d540bf34aa65042535e982e028a683ca88e0,valfit-main-surrogate,2026-09-25T21:08:08,2026-09-25T22:12:57
configs/ga_surrogate_cifar.yaml,2,ga_surrogate_cifar,20260925_221304,ok,0,0.8238,0.8204,20,3759.5,61b6d540bf34aa65042535e982e028a683ca88e0,valfit-main-surrogate,2026-09-25T22:12:57,2026-09-25T23:15:37
configs/ga_surrogate_cifar.yaml,3,ga_surrogate_cifar,20260925_231543,ok,0,0.6816,0.1653,20,3753.0,61b6d540bf34aa65042535e982e028a683ca88e0,valfit-main-surrogate,2026-09-25T23:15:37,2026-09-26T00:18:10
configs/ga_surrogate_cifar.yaml,4,ga_surrogate_cifar,20260926_001816,ok,0,0.7598000000000001,0.7425000000000002,20,3971.7,61b6d540bf34aa65042535e982e028a683ca88e0,valfit-main-surrogate,2026-09-26T00:18:10,2026-09-26T01:24:21
configs/ga_broadcast_alpha01.yaml,0,ga_broadcast_alpha01,20260926_012428,ok,0,0.6122,0.49310000000000004,20,2791.1,61b6d540bf34aa65042535e982e028a683ca88e0,valfit-boundary,2026-09-26T01:24:21,2026-09-26T02:10:52
configs/ga_broadcast_alpha01.yaml,1,ga_broadcast_alpha01,20260926_021059,ok,0,0.6278999999999999,0.48020000000000007,20,3275.4,61b6d540bf34aa65042535e982e028a683ca88e0,valfit-boundary,2026-09-26T02:10:53,2026-09-26T03:05:28
configs/ga_broadcast_alpha01.yaml,2,ga_broadcast_alpha01,20260926_030539,ok,0,0.46469999999999995,0.35200000000000004,20,3237.3,61b6d540bf34aa65042535e982e028a683ca88e0,valfit-boundary,2026-09-26T03:05:28,2026-09-26T03:59:25
configs/ga_broadcast_femnist.yaml,0,ga_broadcast_femnist,20260926_040012,ok,0,0.8318000000000001,0.83,20,687.4,61b6d540bf34aa65042535e982e028a683ca88e0,valfit-boundary,2026-09-26T03:59:25,2026-09-26T04:10:53
configs/ga_broadcast_femnist.yaml,1,ga_broadcast_femnist,20260926_041115,ok,0,0.8287,0.8287,20,662.6,61b6d540bf34aa65042535e982e028a683ca88e0,valfit-boundary,2026-09-26T04:10:53,2026-09-26T04:21:55
configs/ga_broadcast_femnist.yaml,2,ga_broadcast_femnist,20260926_042218,ok,0,0.8312000000000002,0.797,20,689.6,61b6d540bf34aa65042535e982e028a683ca88e0,valfit-boundary,2026-09-26T04:21:55,2026-09-26T04:33:25
configs/ga_broadcast_smallcnn.yaml,0,ga_broadcast_smallcnn,20260926_043332,ok,0,0.6222000000000001,0.6222000000000001,20,623.4,61b6d540bf34aa65042535e982e028a683ca88e0,valfit-boundary,2026-09-26T04:33:25,2026-09-26T04:43:48
configs/ga_broadcast_smallcnn.yaml,1,ga_broadcast_smallcnn,20260926_044355,ok,0,0.6355000000000002,0.627,20,566.3,61b6d540bf34aa65042535e982e028a683ca88e0,valfit-boundary,2026-09-26T04:43:48,2026-09-26T04:53:15
configs/ga_broadcast_smallcnn.yaml,2,ga_broadcast_smallcnn,20260926_045322,ok,0,0.6627000000000001,0.6194999999999999,20,575.7,61b6d540bf34aa65042535e982e028a683ca88e0,valfit-boundary,2026-09-26T04:53:15,2026-09-26T05:02:50
configs/rs_broadcast_femnist.yaml,0,rs_broadcast_femnist,20260926_050313,ok,0,0.8271999999999999,0.8202,20,626.0,61b6d540bf34aa65042535e982e028a683ca88e0,valfit-boundary,2026-09-26T05:02:50,2026-09-26T05:13:17
configs/rs_broadcast_femnist.yaml,1,rs_broadcast_femnist,20260926_051339,ok,0,0.8215,0.8027000000000001,20,607.5,61b6d540bf34aa65042535e982e028a683ca88e0,valfit-boundary,2026-09-26T05:13:17,2026-09-26T05:23:24
configs/rs_broadcast_femnist.yaml,2,rs_broadcast_femnist,20260926_052347,ok,0,0.8359000000000001,0.8260000000000001,20,624.2,61b6d540bf34aa65042535e982e028a683ca88e0,valfit-boundary,2026-09-26T05:23:24,2026-09-26T05:33:48
configs/tpe_broadcast_femnist.yaml,0,tpe_broadcast_femnist,20260926_053411,ok,0,0.8362,0.8317,20,669.1,61b6d540bf34aa65042535e982e028a683ca88e0,valfit-boundary,2026-09-26T05:33:48,2026-09-26T05:44:57
configs/tpe_broadcast_femnist.yaml,1,tpe_broadcast_femnist,20260926_054520,ok,0,0.8242999999999999,0.8235999999999999,20,633.1,61b6d540bf34aa65042535e982e028a683ca88e0,valfit-boundary,2026-09-26T05:44:57,2026-09-26T05:55:31
configs/tpe_broadcast_femnist.yaml,2,tpe_broadcast_femnist,20260926_055553,ok,0,0.8320000000000001,0.8237,20,600.7,61b6d540bf34aa65042535e982e028a683ca88e0,valfit-boundary,2026-09-26T05:55:31,2026-09-26T06:05:31
configs/ga_perclient_femnist.yaml,0,ga_perclient_femnist,20260926_060554,ok,0,0.8268,0.824,20,1296.9,61b6d540bf34aa65042535e982e028a683ca88e0,valfit-boundary,2026-09-26T06:05:31,2026-09-26T06:27:08
configs/ga_perclient_femnist.yaml,1,ga_perclient_femnist,20260926_062731,ok,0,0.8317000000000001,0.8169,20,1373.7,61b6d540bf34aa65042535e982e028a683ca88e0,valfit-boundary,2026-09-26T06:27:08,2026-09-26T06:50:02
configs/ga_perclient_femnist.yaml,2,ga_perclient_femnist,20260926_065024,ok,0,0.8334,0.8289,20,1361.1,61b6d540bf34aa65042535e982e028a683ca88e0,valfit-boundary,2026-09-26T06:50:02,2026-09-26T07:12:43
configs/ga_perclient_smallcnn.yaml,0,ga_perclient_smallcnn,20260926_071250,ok,0,0.6000000000000001,0.5985999999999999,20,1430.8,61b6d540bf34aa65042535e982e028a683ca88e0,valfit-boundary,2026-09-26T07:12:43,2026-09-26T07:36:34
configs/ga_perclient_smallcnn.yaml,1,ga_perclient_smallcnn,20260926_073640,ok,0,0.6197999999999999,0.6197999999999999,20,1289.5,61b6d540bf34aa65042535e982e028a683ca88e0,valfit-boundary,2026-09-26T07:36:34,2026-09-26T07:58:03
configs/ga_perclient_smallcnn.yaml,2,ga_perclient_smallcnn,20260926_075810,ok,0,0.6119,0.5676000000000001,20,1333.5,61b6d540bf34aa65042535e982e028a683ca88e0,valfit-boundary,2026-09-26T07:58:03,2026-09-26T08:20:17
configs/ga_perclient_alpha01.yaml,0,ga_perclient_alpha01,20260926_082023,ok,0,0.6671,0.593,20,8174.1,61b6d540bf34aa65042535e982e028a683ca88e0,valfit-boundary,2026-09-26T08:20:17,2026-09-26T10:36:31
configs/ga_perclient_alpha01.yaml,1,ga_perclient_alpha01,20260926_103637,ok,0,0.6304000000000001,0.6304000000000001,20,7767.6,61b6d540bf34aa65042535e982e028a683ca88e0,valfit-boundary,2026-09-26T10:36:31,2026-09-26T12:45:58
configs/ga_perclient_alpha01.yaml,2,ga_perclient_alpha01,20260926_124607,ok,0,0.6241,0.5997999999999999,20,8679.1,61b6d540bf34aa65042535e982e028a683ca88e0,valfit-boundary,2026-09-26T12:45:58,2026-09-26T15:10:38
configs/ga_surrogate_femnist.yaml,0,ga_surrogate_femnist,20260926_151103,ok,0,0.8272,0.8256999999999999,20,749.2,61b6d540bf34aa65042535e982e028a683ca88e0,valfit-boundary,2026-09-26T15:10:38,2026-09-26T15:23:07
configs/ga_surrogate_femnist.yaml,1,ga_surrogate_femnist,20260926_152329,ok,0,0.8339000000000001,0.8339000000000001,20,801.0,61b6d540bf34aa65042535e982e028a683ca88e0,valfit-boundary,2026-09-26T15:23:07,2026-09-26T15:36:28
configs/ga_surrogate_femnist.yaml,2,ga_surrogate_femnist,20260926_153650,ok,0,0.8262999999999999,0.8262999999999999,20,735.4,61b6d540bf34aa65042535e982e028a683ca88e0,valfit-boundary,2026-09-26T15:36:28,2026-09-26T15:48:43
configs/ga_surrogate_smallcnn.yaml,0,ga_surrogate_smallcnn,20260926_154850,ok,0,0.5851,0.5851,20,815.6,61b6d540bf34aa65042535e982e028a683ca88e0,valfit-boundary,2026-09-26T15:48:43,2026-09-26T16:02:19
configs/ga_surrogate_smallcnn.yaml,1,ga_surrogate_smallcnn,20260926_160225,ok,0,0.6111000000000001,0.5764,20,732.6,61b6d540bf34aa65042535e982e028a683ca88e0,valfit-boundary,2026-09-26T16:02:19,2026-09-26T16:14:31
configs/ga_surrogate_smallcnn.yaml,2,ga_surrogate_smallcnn,20260926_161438,ok,0,0.6315,0.6315,20,695.5,61b6d540bf34aa65042535e982e028a683ca88e0,valfit-boundary,2026-09-26T16:14:31,2026-09-26T16:26:07
configs/ga_surrogate_alpha01.yaml,0,ga_surrogate_alpha01,20260926_162613,ok,0,0.6217000000000001,0.5346000000000001,20,4443.4,61b6d540bf34aa65042535e982e028a683ca88e0,valfit-boundary,2026-09-26T16:26:07,2026-09-26T17:40:10
configs/ga_surrogate_alpha01.yaml,1,ga_surrogate_alpha01,20260926_174017,ok,0,0.4879,0.35250000000000004,20,3899.2,61b6d540bf34aa65042535e982e028a683ca88e0,valfit-boundary,2026-09-26T17:40:10,2026-09-26T18:45:09
configs/ga_surrogate_alpha01.yaml,2,ga_surrogate_alpha01,20260926_184516,ok,0,0.6648000000000002,0.6606,20,3742.0,61b6d540bf34aa65042535e982e028a683ca88e0,valfit-boundary,2026-09-26T18:45:09,2026-09-26T19:47:31
configs/ga_broadcast_randominit_cifar.yaml,0,ga_broadcast_randominit_cifar,20260926_194739,ok,0,0.8170999999999999,0.8170999999999999,20,2877.3,61b6d540bf34aa65042535e982e028a683ca88e0,valfit-bias,2026-09-26T19:47:32,2026-09-26T20:35:29
configs/ga_broadcast_randominit_cifar.yaml,1,ga_broadcast_randominit_cifar,20260926_203536,ok,0,0.7961,0.7961,20,3017.5,61b6d540bf34aa65042535e982e028a683ca88e0,valfit-bias,2026-09-26T20:35:29,2026-09-26T21:25:47
configs/ga_broadcast_randominit_cifar.yaml,2,ga_broadcast_randominit_cifar,20260926_212554,ok,0,0.7986000000000001,0.7790000000000001,20,2986.7,61b6d540bf34aa65042535e982e028a683ca88e0,valfit-bias,2026-09-26T21:25:47,2026-09-26T22:15:33
configs/ga_broadcast_deltafitness_cifar.yaml,0,ga_broadcast_deltafitness_cifar,20260926_221540,ok,0,0.8320000000000001,0.7965000000000001,20,3101.8,61b6d540bf34aa65042535e982e028a683ca88e0,valfit-bias,2026-09-26T22:15:33,2026-09-26T23:07:15
configs/ga_broadcast_deltafitness_cifar.yaml,1,ga_broadcast_deltafitness_cifar,20260926_230722,ok,0,0.812,0.8109000000000001,20,3196.3,61b6d540bf34aa65042535e982e028a683ca88e0,valfit-bias,2026-09-26T23:07:15,2026-09-27T00:00:31
configs/ga_broadcast_deltafitness_cifar.yaml,2,ga_broadcast_deltafitness_cifar,20260927_000038,ok,0,0.8144000000000002,0.7646000000000001,20,3162.6,61b6d540bf34aa65042535e982e028a683ca88e0,valfit-bias,2026-09-27T00:00:31,2026-09-27T00:53:14
configs/ga_broadcast_cifar_r40.yaml,0,ga_broadcast_cifar_r40,20260927_005321,ok,0,0.8417,0.8294,40,5718.9,61b6d540bf34aa65042535e982e028a683ca88e0,valfit-r40,2026-09-27T00:53:14,2026-09-27T02:28:33
configs/ga_broadcast_cifar_r40.yaml,1,ga_broadcast_cifar_r40,20260927_022839,ok,0,0.8281999999999999,0.8,40,6164.5,61b6d540bf34aa65042535e982e028a683ca88e0,valfit-r40,2026-09-27T02:28:33,2026-09-27T04:11:17
configs/ga_broadcast_cifar_r40.yaml,2,ga_broadcast_cifar_r40,20260927_041124,ok,0,0.8520000000000001,0.8520000000000001,40,6271.4,61b6d540bf34aa65042535e982e028a683ca88e0,valfit-r40,2026-09-27T04:11:17,2026-09-27T05:55:49
configs/ga_surrogate_nopool_cifar.yaml,0,ga_surrogate_nopool_cifar,20260927_151415,ok,0,0.8220000000000001,0.8131,20,3644.3,61b6d540bf34aa65042535e982e028a683ca88e0,valfit-nopool,2026-09-27T15:14:08,2026-09-27T16:14:52
configs/ga_surrogate_nopool_cifar.yaml,1,ga_surrogate_nopool_cifar,20260927_161459,ok,0,0.8040999999999999,0.7474000000000001,20,3883.8,61b6d540bf34aa65042535e982e028a683ca88e0,valfit-nopool,2026-09-27T16:14:53,2026-09-27T17:19:36
configs/ga_surrogate_nopool_cifar.yaml,2,ga_surrogate_nopool_cifar,20260927_171943,ok,0,0.8131000000000002,0.8131000000000002,20,3691.6,61b6d540bf34aa65042535e982e028a683ca88e0,valfit-nopool,2026-09-27T17:19:36,2026-09-27T18:21:08
configs/ga_surrogate_nopool_cifar.yaml,3,ga_surrogate_nopool_cifar,20260927_182114,ok,0,0.8213,0.8213,20,3737.6,61b6d540bf34aa65042535e982e028a683ca88e0,valfit-nopool,2026-09-27T18:21:08,2026-09-27T19:23:26
configs/ga_surrogate_nopool_cifar.yaml,4,ga_surrogate_nopool_cifar,20260927_192332,ok,0,0.7943,0.7753000000000001,20,3749.6,61b6d540bf34aa65042535e982e028a683ca88e0,valfit-nopool,2026-09-27T19:23:26,2026-09-27T20:25:55
configs/ga_broadcast_noelite_cifar.yaml,0,ga_broadcast_noelite_cifar,20260927_202602,ok,0,0.8194000000000001,0.8189000000000001,20,3080.8,61b6d540bf34aa65042535e982e028a683ca88e0,valfit-noelite,2026-09-27T20:25:55,2026-09-27T21:17:16
configs/ga_broadcast_noelite_cifar.yaml,1,ga_broadcast_noelite_cifar,20260927_211723,ok,0,0.7686000000000002,0.7073000000000002,20,2905.1,61b6d540bf34aa65042535e982e028a683ca88e0,valfit-noelite,2026-09-27T21:17:16,2026-09-27T22:05:41
configs/ga_broadcast_noelite_cifar.yaml,2,ga_broadcast_noelite_cifar,20260927_220548,ok,0,0.7713000000000002,0.7713000000000002,20,3183.3,61b6d540bf34aa65042535e982e028a683ca88e0,valfit-noelite,2026-09-27T22:05:41,2026-09-27T22:58:44
configs/ga_broadcast_noelite_cifar.yaml,3,ga_broadcast_noelite_cifar,20260927_225851,ok,0,0.8032,0.8032,20,3021.0,61b6d540bf34aa65042535e982e028a683ca88e0,valfit-noelite,2026-09-27T22:58:45,2026-09-27T23:49:06
configs/ga_broadcast_noelite_cifar.yaml,4,ga_broadcast_noelite_cifar,20260927_234912,ok,0,0.7771000000000001,0.7771000000000001,20,3142.7,61b6d540bf34aa65042535e982e028a683ca88e0,valfit-noelite,2026-09-27T23:49:06,2026-09-28T00:41:28
configs/rs_broadcast_cifar.yaml,3,rs_broadcast_cifar,20260928_004135,ok,0,0.7347,0.7347,20,3077.6,61b6d540bf34aa65042535e982e028a683ca88e0,valfit-more-seeds,2026-09-28T00:41:28,2026-09-28T01:32:46
configs/rs_broadcast_cifar.yaml,4,rs_broadcast_cifar,20260928_013253,ok,0,0.8042000000000001,0.7504000000000001,20,3144.8,61b6d540bf34aa65042535e982e028a683ca88e0,valfit-more-seeds,2026-09-28T01:32:46,2026-09-28T02:25:11
configs/tpe_broadcast_cifar.yaml,3,tpe_broadcast_cifar,20260928_022517,ok,0,0.8141,0.797,20,3175.2,61b6d540bf34aa65042535e982e028a683ca88e0,valfit-more-seeds,2026-09-28T02:25:11,2026-09-28T03:18:06
configs/tpe_broadcast_cifar.yaml,4,tpe_broadcast_cifar,20260928_031813,ok,0,0.7609000000000001,0.7609000000000001,20,3012.5,61b6d540bf34aa65042535e982e028a683ca88e0,valfit-more-seeds,2026-09-28T03:18:06,2026-09-28T04:08:18
configs/ga_broadcast_cifar_r40.yaml,3,ga_broadcast_cifar_r40,20260928_040825,ok,0,0.838,0.8316,40,6079.4,61b6d540bf34aa65042535e982e028a683ca88e0,valfit-r40-seeds,2026-09-28T04:08:19,2026-09-28T05:49:38
configs/ga_broadcast_cifar_r40.yaml,4,ga_broadcast_cifar_r40,20260928_054944,ok,0,0.8238000000000001,0.8124,40,6316.7,61b6d540bf34aa65042535e982e028a683ca88e0,valfit-r40-seeds,2026-09-28T05:49:38,2026-09-28T07:34:55
configs/ga_perclient_cifar_r40.yaml,0,ga_perclient_cifar_r40,20260928_073501,ok,0,0.8551,0.8551,40,15082.4,61b6d540bf34aa65042535e982e028a683ca88e0,valfit-r40-perclient,2026-09-28T07:34:55,2026-09-28T11:46:17
configs/ga_perclient_cifar_r40.yaml,1,ga_perclient_cifar_r40,20260928_114624,ok,0,0.8571,0.8465000000000001,40,15317.2,61b6d540bf34aa65042535e982e028a683ca88e0,valfit-r40-perclient,2026-09-28T11:46:17,2026-09-28T16:01:34
configs/ga_perclient_cifar_r40.yaml,2,ga_perclient_cifar_r40,20260928_160141,ok,0,0.8538999999999999,0.8483000000000002,40,15007.1,61b6d540bf34aa65042535e982e028a683ca88e0,valfit-r40-perclient,2026-09-28T16:01:34,2026-09-28T20:11:41
configs/ga_broadcast_cifar.yaml,5,ga_broadcast_cifar,20260930_162318,ok,0,0.7689000000000002,0.7689000000000002,20,3068.8,d5a03e7d180ee0af6b9e71a4817a66834d4eacbb,week-broadcast-s5,2026-09-30T16:23:08,2026-09-30T17:14:16
configs/ga_broadcast_cifar.yaml,6,ga_broadcast_cifar,20260930_171423,ok,0,0.7660000000000001,0.7465,20,3056.9,d5a03e7d180ee0af6b9e71a4817a66834d4eacbb,week-broadcast-s5,2026-09-30T17:14:16,2026-09-30T18:05:13
configs/ga_broadcast_cifar.yaml,7,ga_broadcast_cifar,20260930_180520,ok,0,0.7924000000000002,0.7659,20,3118.0,d5a03e7d180ee0af6b9e71a4817a66834d4eacbb,week-broadcast-s5,2026-09-30T18:05:13,2026-09-30T18:57:11
configs/ga_broadcast_cifar.yaml,8,ga_broadcast_cifar,20260930_185718,ok,0,0.7462,0.7332,20,2941.8,d5a03e7d180ee0af6b9e71a4817a66834d4eacbb,week-broadcast-s5,2026-09-30T18:57:11,2026-09-30T19:46:13
configs/ga_broadcast_cifar.yaml,9,ga_broadcast_cifar,20260930_194620,ok,0,0.8372999999999999,0.32289999999999996,20,3155.8,d5a03e7d180ee0af6b9e71a4817a66834d4eacbb,week-broadcast-s5,2026-09-30T19:46:13,2026-09-30T20:38:49
configs/fedex_cifar.yaml,0,fedex_cifar,20260930_203856,ok,0,0.8202000000000002,0.8183000000000001,20,3002.2,d5a03e7d180ee0af6b9e71a4817a66834d4eacbb,week-fedex,2026-09-30T20:38:50,2026-09-30T21:28:52
configs/fedex_cifar.yaml,1,fedex_cifar,20260930_212858,ok,0,0.8135000000000001,0.8135000000000001,20,3013.1,d5a03e7d180ee0af6b9e71a4817a66834d4eacbb,week-fedex,2026-09-30T21:28:52,2026-09-30T22:19:05
configs/fedex_cifar.yaml,2,fedex_cifar,20260930_221911,ok,0,0.8206,0.8158000000000002,20,3139.3,d5a03e7d180ee0af6b9e71a4817a66834d4eacbb,week-fedex,2026-09-30T22:19:05,2026-09-30T23:11:24
configs/fedex_cifar.yaml,3,fedex_cifar,20260930_231131,ok,0,0.787,0.787,20,2991.0,d5a03e7d180ee0af6b9e71a4817a66834d4eacbb,week-fedex,2026-09-30T23:11:24,2026-10-01T00:01:15
configs/fedex_cifar.yaml,4,fedex_cifar,20261001_000122,ok,0,0.8375,0.8375,20,2973.2,d5a03e7d180ee0af6b9e71a4817a66834d4eacbb,week-fedex,2026-10-01T00:01:15,2026-10-01T00:50:48
configs/fedex_cifar.yaml,5,fedex_cifar,20261001_005055,ok,0,0.8232000000000002,0.8183000000000001,20,3144.1,d5a03e7d180ee0af6b9e71a4817a66834d4eacbb,week-fedex,2026-10-01T00:50:48,2026-10-01T01:43:13
configs/fedex_cifar.yaml,6,fedex_cifar,20261001_014319,ok,0,0.7939000000000002,0.7939000000000002,20,2862.0,d5a03e7d180ee0af6b9e71a4817a66834d4eacbb,week-fedex,2026-10-01T01:43:13,2026-10-01T02:30:55
configs/fedex_cifar.yaml,7,fedex_cifar,20261001_023101,ok,0,0.7969000000000002,0.7741,20,3010.5,d5a03e7d180ee0af6b9e71a4817a66834d4eacbb,week-fedex,2026-10-01T02:30:55,2026-10-01T03:21:05
configs/fedex_cifar.yaml,8,fedex_cifar,20261001_032112,ok,0,0.7797,0.7755000000000001,20,2863.8,d5a03e7d180ee0af6b9e71a4817a66834d4eacbb,week-fedex,2026-10-01T03:21:05,2026-10-01T04:08:49
configs/fedex_cifar.yaml,9,fedex_cifar,20261001_040855,ok,0,0.8367,0.8176,20,3055.7,d5a03e7d180ee0af6b9e71a4817a66834d4eacbb,week-fedex,2026-10-01T04:08:49,2026-10-01T04:59:45
configs/ga_surrogate_cifar.yaml,5,ga_surrogate_cifar,20261001_045951,ok,0,0.8094,0.8094,20,3828.0,d5a03e7d180ee0af6b9e71a4817a66834d4eacbb,week-surrogate-s5,2026-10-01T04:59:45,2026-10-01T06:03:33
configs/ga_surrogate_cifar.yaml,6,ga_surrogate_cifar,20261001_060339,ok,0,0.7981,0.7981,20,3956.7,d5a03e7d180ee0af6b9e71a4817a66834d4eacbb,week-surrogate-s5,2026-10-01T06:03:33,2026-10-01T07:09:30
configs/ga_surrogate_cifar.yaml,7,ga_surrogate_cifar,20261001_070936,ok,0,0.8331000000000001,0.8331000000000001,20,3946.6,d5a03e7d180ee0af6b9e71a4817a66834d4eacbb,week-surrogate-s5,2026-10-01T07:09:30,2026-10-01T08:15:16
configs/ga_surrogate_cifar.yaml,8,ga_surrogate_cifar,20261001_081523,ok,0,0.7962000000000002,0.7962000000000002,20,3916.7,d5a03e7d180ee0af6b9e71a4817a66834d4eacbb,week-surrogate-s5,2026-10-01T08:15:16,2026-10-01T09:20:33
configs/ga_surrogate_cifar.yaml,9,ga_surrogate_cifar,20261001_092039,ok,0,0.8458000000000001,0.8458000000000001,20,3714.6,d5a03e7d180ee0af6b9e71a4817a66834d4eacbb,week-surrogate-s5,2026-10-01T09:20:33,2026-10-01T10:22:28
configs/ga_surrogate_longeval_cifar.yaml,0,ga_surrogate_longeval_cifar,20261001_102235,ok,0,0.8433999999999999,0.8312999999999999,20,9003.7,d5a03e7d180ee0af6b9e71a4817a66834d4eacbb,week-longeval,2026-10-01T10:22:28,2026-10-01T12:52:31
configs/ga_surrogate_longeval_cifar.yaml,1,ga_surrogate_longeval_cifar,20261001_125239,ok,0,0.8257,0.8139000000000002,20,8834.4,d5a03e7d180ee0af6b9e71a4817a66834d4eacbb,week-longeval,2026-10-01T12:52:31,2026-10-01T15:19:46
configs/ga_surrogate_longeval_cifar.yaml,2,ga_surrogate_longeval_cifar,20261001_151952,ok,0,0.8389000000000001,0.8253,20,9009.7,d5a03e7d180ee0af6b9e71a4817a66834d4eacbb,week-longeval,2026-10-01T15:19:46,2026-10-01T17:49:55
configs/ga_surrogate_longeval_cifar.yaml,3,ga_surrogate_longeval_cifar,20261001_175002,ok,0,0.829,0.829,20,8517.8,d5a03e7d180ee0af6b9e71a4817a66834d4eacbb,week-longeval,2026-10-01T17:49:56,2026-10-01T20:11:53
configs/ga_surrogate_longeval_cifar.yaml,4,ga_surrogate_longeval_cifar,20261001_201200,ok,0,0.8215999999999999,0.7985,20,9344.6,d5a03e7d180ee0af6b9e71a4817a66834d4eacbb,week-longeval,2026-10-01T20:11:53,2026-10-01T22:47:38
configs/fixed_expert_cifar.yaml,5,fixed_expert_cifar,20261001_224745,ok,0,0.8497999999999999,0.8497999999999999,20,2928.3,d5a03e7d180ee0af6b9e71a4817a66834d4eacbb,week-expert-s5,2026-10-01T22:47:38,2026-10-01T23:36:26
configs/fixed_expert_cifar.yaml,6,fixed_expert_cifar,20261001_233633,ok,0,0.8333999999999999,0.8259,20,3098.2,d5a03e7d180ee0af6b9e71a4817a66834d4eacbb,week-expert-s5,2026-10-01T23:36:26,2026-10-02T00:28:05
configs/fixed_expert_cifar.yaml,7,fixed_expert_cifar,20261002_002811,ok,0,0.8395999999999999,0.8322,20,3090.3,d5a03e7d180ee0af6b9e71a4817a66834d4eacbb,week-expert-s5,2026-10-02T00:28:05,2026-10-02T01:19:35
configs/fixed_expert_cifar.yaml,8,fixed_expert_cifar,20261002_011941,ok,0,0.8420000000000001,0.8330000000000001,20,2972.7,d5a03e7d180ee0af6b9e71a4817a66834d4eacbb,week-expert-s5,2026-10-02T01:19:35,2026-10-02T02:09:08
configs/fixed_expert_cifar.yaml,9,fixed_expert_cifar,20261002_020914,ok,0,0.8479000000000001,0.8479000000000001,20,2965.0,d5a03e7d180ee0af6b9e71a4817a66834d4eacbb,week-expert-s5,2026-10-02T02:09:08,2026-10-02T02:58:33
configs/fixed_naive_cifar.yaml,5,fixed_naive_cifar,20261002_025839,ok,0,0.7742,0.7742,20,3079.3,d5a03e7d180ee0af6b9e71a4817a66834d4eacbb,week-naive-s5,2026-10-02T02:58:33,2026-10-02T03:49:52
configs/fixed_naive_cifar.yaml,6,fixed_naive_cifar,20261002_034959,ok,0,0.7686,0.7686,20,2902.6,d5a03e7d180ee0af6b9e71a4817a66834d4eacbb,week-naive-s5,2026-10-02T03:49:52,2026-10-02T04:38:15
configs/fixed_naive_cifar.yaml,7,fixed_naive_cifar,20261002_043821,ok,0,0.7898000000000001,0.7898000000000001,20,3038.5,d5a03e7d180ee0af6b9e71a4817a66834d4eacbb,week-naive-s5,2026-10-02T04:38:15,2026-10-02T05:28:53
configs/fixed_naive_cifar.yaml,8,fixed_naive_cifar,20261002_052900,ok,0,0.7773000000000001,0.7773000000000001,20,2965.1,d5a03e7d180ee0af6b9e71a4817a66834d4eacbb,week-naive-s5,2026-10-02T05:28:53,2026-10-02T06:18:18
configs/fixed_naive_cifar.yaml,9,fixed_naive_cifar,20261002_061825,ok,0,0.7894000000000001,0.7894000000000001,20,3097.1,d5a03e7d180ee0af6b9e71a4817a66834d4eacbb,week-naive-s5,2026-10-02T06:18:18,2026-10-02T07:09:55
configs/ga_perclient_cifar.yaml,5,ga_perclient_cifar,20261002_071002,ok,0,0.8225,0.8225,20,8778.8,d5a03e7d180ee0af6b9e71a4817a66834d4eacbb,week-perclient-s5,2026-10-02T07:09:56,2026-10-02T09:36:14
configs/ga_perclient_cifar.yaml,6,ga_perclient_cifar,20261002_093621,ok,0,0.8126,0.7913000000000001,20,8474.2,d5a03e7d180ee0af6b9e71a4817a66834d4eacbb,week-perclient-s5,2026-10-02T09:36:14,2026-10-02T11:57:28
configs/ga_perclient_cifar.yaml,7,ga_perclient_cifar,20261002_115735,ok,0,0.8227,0.8083,20,8283.1,d5a03e7d180ee0af6b9e71a4817a66834d4eacbb,week-perclient-s5,2026-10-02T11:57:28,2026-10-02T14:15:32
configs/ga_perclient_cifar.yaml,8,ga_perclient_cifar,20261002_141538,ok,0,0.8068000000000002,0.7716000000000002,20,8662.0,d5a03e7d180ee0af6b9e71a4817a66834d4eacbb,week-perclient-s5,2026-10-02T14:15:32,2026-10-02T16:39:54
configs/ga_perclient_cifar.yaml,9,ga_perclient_cifar,20261002_164000,ok,0,0.8427,0.8427,20,7968.2,d5a03e7d180ee0af6b9e71a4817a66834d4eacbb,week-perclient-s5,2026-10-02T16:39:54,2026-10-02T18:52:42
configs/rs_broadcast_cifar.yaml,5,rs_broadcast_cifar,20261002_185249,ok,0,0.8077000000000001,0.8077000000000001,20,3200.8,d5a03e7d180ee0af6b9e71a4817a66834d4eacbb,week-rs-s5,2026-10-02T18:52:42,2026-10-02T19:46:03
configs/rs_broadcast_cifar.yaml,6,rs_broadcast_cifar,20261002_194609,ok,0,0.7069000000000002,0.6236999999999999,20,3232.6,d5a03e7d180ee0af6b9e71a4817a66834d4eacbb,week-rs-s5,2026-10-02T19:46:03,2026-10-02T20:39:55
configs/rs_broadcast_cifar.yaml,7,rs_broadcast_cifar,20261002_204002,ok,0,0.6924,0.4398,20,3216.2,d5a03e7d180ee0af6b9e71a4817a66834d4eacbb,week-rs-s5,2026-10-02T20:39:55,2026-10-02T21:33:32
configs/rs_broadcast_cifar.yaml,8,rs_broadcast_cifar,20261002_213338,ok,0,0.6774,0.6445000000000001,20,2963.5,d5a03e7d180ee0af6b9e71a4817a66834d4eacbb,week-rs-s5,2026-10-02T21:33:32,2026-10-02T22:22:55
configs/rs_broadcast_cifar.yaml,9,rs_broadcast_cifar,20261002_222302,ok,0,0.7474999999999999,0.7474999999999999,20,2826.3,d5a03e7d180ee0af6b9e71a4817a66834d4eacbb,week-rs-s5,2026-10-02T22:22:55,2026-10-02T23:10:01
configs/tpe_broadcast_cifar.yaml,5,tpe_broadcast_cifar,20261002_231008,ok,0,0.7233999999999999,0.6972,20,3147.1,d5a03e7d180ee0af6b9e71a4817a66834d4eacbb,week-tpe-s5,2026-10-02T23:10:01,2026-10-03T00:02:29
configs/tpe_broadcast_cifar.yaml,6,tpe_broadcast_cifar,20261003_000236,ok,0,0.7636000000000001,0.7530000000000001,20,3126.6,d5a03e7d180ee0af6b9e71a4817a66834d4eacbb,week-tpe-s5,2026-10-03T00:02:29,2026-10-03T00:54:35
configs/tpe_broadcast_cifar.yaml,7,tpe_broadcast_cifar,20261003_005442,ok,0,0.7411000000000001,0.6959000000000001,20,3169.0,d5a03e7d180ee0af6b9e71a4817a66834d4eacbb,week-tpe-s5,2026-10-03T00:54:35,2026-10-03T01:47:24
configs/tpe_broadcast_cifar.yaml,8,tpe_broadcast_cifar,20261003_014731,ok,0,0.7770000000000001,0.7770000000000001,20,3017.9,d5a03e7d180ee0af6b9e71a4817a66834d4eacbb,week-tpe-s5,2026-10-03T01:47:24,2026-10-03T02:37:42
configs/tpe_broadcast_cifar.yaml,9,tpe_broadcast_cifar,20261003_023749,ok,0,0.7850000000000001,0.7472000000000001,20,2888.2,d5a03e7d180ee0af6b9e71a4817a66834d4eacbb,week-tpe-s5,2026-10-03T02:37:42,2026-10-03T03:25:50
configs/fixed_expert_cifar_r40.yaml,0,fixed_expert_cifar_r40,20261003_032557,ok,0,0.8563,0.8529000000000001,40,5922.8,d5a03e7d180ee0af6b9e71a4817a66834d4eacbb,week-expert-r40,2026-10-03T03:25:50,2026-10-03T05:04:33
configs/fixed_expert_cifar_r40.yaml,1,fixed_expert_cifar_r40,20261003_050440,ok,0,0.8664999999999999,0.8650000000000001,40,5916.7,d5a03e7d180ee0af6b9e71a4817a66834d4eacbb,week-expert-r40,2026-10-03T05:04:33,2026-10-03T06:43:10
configs/fixed_expert_cifar_r40.yaml,2,fixed_expert_cifar_r40,20261003_064316,ok,0,0.8643000000000001,0.8643000000000001,40,5933.0,d5a03e7d180ee0af6b9e71a4817a66834d4eacbb,week-expert-r40,2026-10-03T06:43:10,2026-10-03T08:22:03
configs/fixed_expert_cifar_r40.yaml,3,fixed_expert_cifar_r40,20261003_082209,ok,0,0.8612,0.852,40,5757.6,d5a03e7d180ee0af6b9e71a4817a66834d4eacbb,week-expert-r40,2026-10-03T08:22:03,2026-10-03T09:58:00
configs/fixed_expert_cifar_r40.yaml,4,fixed_expert_cifar_r40,20261003_095807,ok,0,0.865,0.865,40,5840.7,d5a03e7d180ee0af6b9e71a4817a66834d4eacbb,week-expert-r40,2026-10-03T09:58:00,2026-10-03T11:35:21
