config,seed,scenario_name,run_id,status,returncode,peak_eval_acc,final_eval_acc,num_eval_rounds,wall_seconds,git_sha,tag,started_at,finished_at
configs/ga_broadcast_cifar.yaml,0,ga_broadcast_cifar,20260518_214131,ok,0,0.8233,0.7838,20,3151.4,dd06d943f9e90d64dc6451f5e2d0382b18a3b406,stageB-headline,2026-05-18T21:41:24,2026-05-18T22:33:56
configs/ga_broadcast_cifar.yaml,1,ga_broadcast_cifar,20260518_223402,ok,0,0.8248,0.8248,20,3113.5,4f4d4fea7680adbbacdc8028cf030ec75dd901d2,stageB-headline,2026-05-18T22:33:56,2026-05-18T23:25:49
configs/ga_broadcast_cifar.yaml,2,ga_broadcast_cifar,20260518_232556,ok,0,0.7851,0.7585000000000001,20,3190.6,4f4d4fea7680adbbacdc8028cf030ec75dd901d2,stageB-headline,2026-05-18T23:25:49,2026-05-19T00:19:00
configs/ga_broadcast_cifar.yaml,3,ga_broadcast_cifar,20260519_001906,ok,0,0.7959000000000002,0.7959000000000002,20,2958.0,4f4d4fea7680adbbacdc8028cf030ec75dd901d2,stageB-headline,2026-05-19T00:19:00,2026-05-19T01:08:18
configs/ga_broadcast_cifar.yaml,4,ga_broadcast_cifar,20260519_010824,ok,0,0.8246,0.8246,20,2933.4,4f4d4fea7680adbbacdc8028cf030ec75dd901d2,stageB-headline,2026-05-19T01:08:18,2026-05-19T01:57:11
configs/fixed_expert_cifar.yaml,0,fixed_expert_cifar,20260519_020412,ok,0,0.8466,0.8337,20,2982.1,4a941f88e2dcdcc3d5e8533ff00baaac3d154a8f,stageC-comparison,2026-05-19T02:04:05,2026-05-19T02:53:48
configs/fixed_expert_cifar.yaml,1,fixed_expert_cifar,20260519_025354,ok,0,0.8414999999999999,0.8328,20,3081.0,5d63776ac85be19917d967816930ef69536b9a04,stageC-comparison,2026-05-19T02:53:48,2026-05-19T03:45:09
configs/fixed_expert_cifar.yaml,2,fixed_expert_cifar,20260519_034515,ok,0,0.8516999999999999,0.8411000000000001,20,3024.2,5d63776ac85be19917d967816930ef69536b9a04,stageC-comparison,2026-05-19T03:45:09,2026-05-19T04:35:33
configs/fixed_expert_cifar.yaml,3,fixed_expert_cifar,20260519_043539,ok,0,0.8392999999999999,0.8392999999999999,20,3032.1,5d63776ac85be19917d967816930ef69536b9a04,stageC-comparison,2026-05-19T04:35:33,2026-05-19T05:26:05
configs/fixed_expert_cifar.yaml,4,fixed_expert_cifar,20260519_052611,ok,0,0.8444,0.8381000000000001,20,2951.1,5d63776ac85be19917d967816930ef69536b9a04,stageC-comparison,2026-05-19T05:26:05,2026-05-19T06:15:16
configs/fixed_naive_cifar.yaml,0,fixed_naive_cifar,20260519_061523,ok,0,0.7731,0.7731,20,2843.4,5d63776ac85be19917d967816930ef69536b9a04,stageC-comparison,2026-05-19T06:15:16,2026-05-19T07:02:40
configs/fixed_naive_cifar.yaml,1,fixed_naive_cifar,20260519_070246,ok,0,0.7928000000000001,0.7928000000000001,20,3032.5,5d63776ac85be19917d967816930ef69536b9a04,stageC-comparison,2026-05-19T07:02:40,2026-05-19T07:53:12
configs/fixed_naive_cifar.yaml,2,fixed_naive_cifar,20260519_075318,ok,0,0.7874000000000001,0.7727999999999999,20,3069.1,5d63776ac85be19917d967816930ef69536b9a04,stageC-comparison,2026-05-19T07:53:12,2026-05-19T08:44:21
configs/fixed_naive_cifar.yaml,3,fixed_naive_cifar,20260519_084428,ok,0,0.7722000000000002,0.7722000000000002,20,3033.7,5d63776ac85be19917d967816930ef69536b9a04,stageC-comparison,2026-05-19T08:44:21,2026-05-19T09:34:55
configs/fixed_naive_cifar.yaml,4,fixed_naive_cifar,20260519_093501,ok,0,0.7853000000000001,0.7853000000000001,20,3155.2,5d63776ac85be19917d967816930ef69536b9a04,stageC-comparison,2026-05-19T09:34:55,2026-05-19T10:27:30
configs/ga_perclient_cifar.yaml,0,ga_perclient_cifar,20260519_102736,ok,0,0.8289000000000001,0.8289000000000001,20,6967.0,5d63776ac85be19917d967816930ef69536b9a04,stageC-comparison,2026-05-19T10:27:30,2026-05-19T12:23:37
configs/ga_perclient_cifar.yaml,1,ga_perclient_cifar,20260519_122343,ok,0,0.8097,0.8097,20,7068.5,5d63776ac85be19917d967816930ef69536b9a04,stageC-comparison,2026-05-19T12:23:37,2026-05-19T14:21:26
configs/ga_perclient_cifar.yaml,2,ga_perclient_cifar,20260519_142132,ok,0,0.8190999999999999,0.7856000000000001,20,6717.0,5d63776ac85be19917d967816930ef69536b9a04,stageC-comparison,2026-05-19T14:21:26,2026-05-19T16:13:23
configs/ga_perclient_cifar.yaml,3,ga_perclient_cifar,20260519_161329,ok,0,0.8202,0.8161,20,6904.0,5d63776ac85be19917d967816930ef69536b9a04,stageC-comparison,2026-05-19T16:13:23,2026-05-19T18:08:27
configs/ga_perclient_cifar.yaml,4,ga_perclient_cifar,20260519_180833,ok,0,0.8191,0.8191,20,6604.8,5d63776ac85be19917d967816930ef69536b9a04,stageC-comparison,2026-05-19T18:08:27,2026-05-19T19:58:31
configs/ga_surrogate_cifar.yaml,0,ga_surrogate_cifar,20260519_212653,ok,0,0.7819,0.7819,20,3698.2,324dbb1ee793d4c8fa463d4b9f32ee954dd6d9ec,stageD-surrogate-ablation,2026-05-19T21:26:47,2026-05-19T22:28:25
configs/ga_surrogate_cifar.yaml,1,ga_surrogate_cifar,20260519_222831,ok,0,0.8351999999999999,0.8351999999999999,20,3816.1,3a50411c606973eb12e1c633585c74d61ea25199,stageD-surrogate-ablation,2026-05-19T22:28:25,2026-05-19T23:32:01
configs/ga_surrogate_cifar.yaml,2,ga_surrogate_cifar,20260519_233207,ok,0,0.7990000000000002,0.7543000000000001,20,3802.0,3a50411c606973eb12e1c633585c74d61ea25199,stageD-surrogate-ablation,2026-05-19T23:32:01,2026-05-20T00:35:23
configs/ga_surrogate_cifar.yaml,3,ga_surrogate_cifar,20260520_003529,ok,0,0.8134,0.8134,20,3981.9,3a50411c606973eb12e1c633585c74d61ea25199,stageD-surrogate-ablation,2026-05-20T00:35:23,2026-05-20T01:41:45
configs/ga_surrogate_cifar.yaml,4,ga_surrogate_cifar,20260520_014151,ok,0,0.8049000000000002,0.7902000000000002,20,3843.6,3a50411c606973eb12e1c633585c74d61ea25199,stageD-surrogate-ablation,2026-05-20T01:41:45,2026-05-20T02:45:48
configs/fixed_expert_femnist.yaml,0,fixed_expert_femnist,20260520_141332,ok,0,0.8281000000000001,0.8209,20,569.6,38a55c4dceb412e407dfdde52fb54ad39f7d9052,stageE-femnist,2026-05-20T14:13:10,2026-05-20T14:22:39
configs/fixed_expert_femnist.yaml,2,fixed_expert_femnist,20260520_143305,ok,0,0.8331999999999999,0.8171,20,564.4,38a55c4dceb412e407dfdde52fb54ad39f7d9052,stageE-femnist,2026-05-20T14:32:42,2026-05-20T14:42:07
configs/fixed_naive_femnist.yaml,0,fixed_naive_femnist,20260520_144230,ok,0,0.8306000000000002,0.8282,20,606.3,0b4ff7ae41f29365583e1f05215725ab3b401440,stageE-femnist,2026-05-20T14:42:07,2026-05-20T14:52:13
configs/fixed_naive_femnist.yaml,1,fixed_naive_femnist,20260520_145236,ok,0,0.8318000000000001,0.8318000000000001,20,626.9,0b4ff7ae41f29365583e1f05215725ab3b401440,stageE-femnist,2026-05-20T14:52:13,2026-05-20T15:02:40
configs/fixed_naive_femnist.yaml,2,fixed_naive_femnist,20260520_150302,ok,0,0.8302999999999999,0.8267,20,615.6,0b4ff7ae41f29365583e1f05215725ab3b401440,stageE-femnist,2026-05-20T15:02:40,2026-05-20T15:12:56
configs/ga_perclient_femnist.yaml,0,ga_perclient_femnist,20260520_151318,ok,0,0.8231,0.8191999999999999,20,1028.2,0b4ff7ae41f29365583e1f05215725ab3b401440,stageE-femnist,2026-05-20T15:12:56,2026-05-20T15:30:04
configs/ga_perclient_femnist.yaml,2,ga_perclient_femnist,20260520_153917,ok,0,0.8278000000000001,0.8029000000000002,20,1110.8,0b4ff7ae41f29365583e1f05215725ab3b401440,stageE-femnist,2026-05-20T15:38:47,2026-05-20T15:57:18
configs/ga_broadcast_femnist.yaml,0,ga_broadcast_femnist,20260520_155741,ok,0,0.8254000000000001,0.8254000000000001,20,596.5,0b4ff7ae41f29365583e1f05215725ab3b401440,stageE-femnist,2026-05-20T15:57:18,2026-05-20T16:07:15
configs/ga_broadcast_femnist.yaml,1,ga_broadcast_femnist,20260520_160737,ok,0,0.8287000000000001,0.8181,20,595.8,95f49da21581aaa81b68e34e4010ce24a2b60620,stageE-femnist,2026-05-20T16:07:15,2026-05-20T16:17:10
configs/ga_broadcast_femnist.yaml,2,ga_broadcast_femnist,20260520_161732,ok,0,0.8351999999999999,0.8252,20,531.8,95f49da21581aaa81b68e34e4010ce24a2b60620,stageE-femnist,2026-05-20T16:17:10,2026-05-20T16:26:02
configs/ga_perclient_femnist.yaml,1,ga_perclient_femnist,20260520_182438,ok,0,0.8285,0.8219,20,1070.3,3ac5e51b4a679057f190f75217b4f76a5958829f,stageF-baselines,2026-05-20T18:24:16,2026-05-20T18:42:06
configs/rs_broadcast_cifar.yaml,0,rs_broadcast_cifar,20260520_184213,ok,0,0.7738000000000002,0.7738000000000002,20,3324.6,a83302ec788cf91a9ebe48468ec065ecf3a6ff43,stageF-baselines,2026-05-20T18:42:06,2026-05-20T19:37:31
configs/tpe_broadcast_cifar.yaml,0,tpe_broadcast_cifar,20260520_205247,ok,0,0.8079000000000001,0.8006,20,3181.4,a83302ec788cf91a9ebe48468ec065ecf3a6ff43,stageF-baselines,2026-05-20T20:52:38,2026-05-20T21:45:39
configs/tpe_broadcast_cifar.yaml,1,tpe_broadcast_cifar,20260520_214546,ok,0,0.8192999999999999,0.8192999999999999,20,3007.2,a83302ec788cf91a9ebe48468ec065ecf3a6ff43,stageF-baselines,2026-05-20T21:45:39,2026-05-20T22:35:46
configs/tpe_broadcast_cifar.yaml,2,tpe_broadcast_cifar,20260520_223553,ok,0,0.7169999999999999,0.6927,20,3088.4,a83302ec788cf91a9ebe48468ec065ecf3a6ff43,stageF-baselines,2026-05-20T22:35:46,2026-05-20T23:27:15
configs/rs_broadcast_femnist.yaml,0,rs_broadcast_femnist,20260520_232738,ok,0,0.827,0.8178,20,565.4,a83302ec788cf91a9ebe48468ec065ecf3a6ff43,stageF-baselines,2026-05-20T23:27:15,2026-05-20T23:36:40
configs/rs_broadcast_femnist.yaml,1,rs_broadcast_femnist,20260520_233702,ok,0,0.8228000000000002,0.812,20,548.5,a83302ec788cf91a9ebe48468ec065ecf3a6ff43,stageF-baselines,2026-05-20T23:36:40,2026-05-20T23:45:49
configs/rs_broadcast_femnist.yaml,2,rs_broadcast_femnist,20260520_234611,ok,0,0.8341999999999999,0.8189,20,553.9,a83302ec788cf91a9ebe48468ec065ecf3a6ff43,stageF-baselines,2026-05-20T23:45:49,2026-05-20T23:55:03
configs/tpe_broadcast_femnist.yaml,0,tpe_broadcast_femnist,20260520_235525,ok,0,0.8233999999999999,0.8177000000000001,20,588.0,a83302ec788cf91a9ebe48468ec065ecf3a6ff43,stageF-baselines,2026-05-20T23:55:03,2026-05-21T00:04:51
configs/tpe_broadcast_femnist.yaml,1,tpe_broadcast_femnist,20260521_000513,ok,0,0.8315999999999999,0.8307000000000001,20,562.2,a83302ec788cf91a9ebe48468ec065ecf3a6ff43,stageF-baselines,2026-05-21T00:04:51,2026-05-21T00:14:13
configs/tpe_broadcast_femnist.yaml,2,tpe_broadcast_femnist,20260521_001435,ok,0,0.8302,0.8162,20,543.7,a83302ec788cf91a9ebe48468ec065ecf3a6ff43,stageF-baselines,2026-05-21T00:14:13,2026-05-21T00:23:17
configs/fixed_expert_smallcnn.yaml,0,fixed_expert_smallcnn,20260527_170628,ok,0,0.6554,0.6554,20,526.6,a83302ec788cf91a9ebe48468ec065ecf3a6ff43,stageG-small-model,2026-05-27T17:06:22,2026-05-27T17:15:08
configs/fixed_expert_smallcnn.yaml,1,fixed_expert_smallcnn,20260527_171515,ok,0,0.6798000000000001,0.6798000000000001,20,497.6,534245b2b2e110f16fc1aa13de0bb3d2fc5c1608,stageG-small-model,2026-05-27T17:15:08,2026-05-27T17:23:26
configs/fixed_expert_smallcnn.yaml,2,fixed_expert_smallcnn,20260527_172332,ok,0,0.6544,0.6544,20,480.2,534245b2b2e110f16fc1aa13de0bb3d2fc5c1608,stageG-small-model,2026-05-27T17:23:26,2026-05-27T17:31:26
configs/fixed_naive_smallcnn.yaml,0,fixed_naive_smallcnn,20260527_173133,ok,0,0.5912,0.5907,20,520.9,534245b2b2e110f16fc1aa13de0bb3d2fc5c1608,stageG-small-model,2026-05-27T17:31:26,2026-05-27T17:40:07
configs/fixed_naive_smallcnn.yaml,1,fixed_naive_smallcnn,20260527_174013,ok,0,0.6213,0.6213,20,472.0,534245b2b2e110f16fc1aa13de0bb3d2fc5c1608,stageG-small-model,2026-05-27T17:40:07,2026-05-27T17:47:59
configs/fixed_naive_smallcnn.yaml,2,fixed_naive_smallcnn,20260527_174805,ok,0,0.6198000000000001,0.6122000000000002,20,470.4,534245b2b2e110f16fc1aa13de0bb3d2fc5c1608,stageG-small-model,2026-05-27T17:47:59,2026-05-27T17:55:49
configs/ga_perclient_smallcnn.yaml,0,ga_perclient_smallcnn,20260527_175556,ok,0,0.6263,0.6226,20,1031.0,534245b2b2e110f16fc1aa13de0bb3d2fc5c1608,stageG-small-model,2026-05-27T17:55:49,2026-05-27T18:13:00
configs/ga_perclient_smallcnn.yaml,1,ga_perclient_smallcnn,20260527_181307,ok,0,0.6075,0.6075,20,1010.3,534245b2b2e110f16fc1aa13de0bb3d2fc5c1608,stageG-small-model,2026-05-27T18:13:01,2026-05-27T18:29:51
configs/ga_perclient_smallcnn.yaml,2,ga_perclient_smallcnn,20260527_182957,ok,0,0.625,0.589,20,1008.9,534245b2b2e110f16fc1aa13de0bb3d2fc5c1608,stageG-small-model,2026-05-27T18:29:51,2026-05-27T18:46:40
configs/ga_broadcast_smallcnn.yaml,0,ga_broadcast_smallcnn,20260527_184646,ok,0,0.6414,0.621,20,559.2,534245b2b2e110f16fc1aa13de0bb3d2fc5c1608,stageG-small-model,2026-05-27T18:46:40,2026-05-27T18:55:59
configs/ga_broadcast_smallcnn.yaml,1,ga_broadcast_smallcnn,20260527_185605,ok,0,0.6151,0.6151,20,477.2,534245b2b2e110f16fc1aa13de0bb3d2fc5c1608,stageG-small-model,2026-05-27T18:55:59,2026-05-27T19:03:56
configs/ga_broadcast_smallcnn.yaml,2,ga_broadcast_smallcnn,20260527_190403,ok,0,0.6106,0.5912,20,471.7,534245b2b2e110f16fc1aa13de0bb3d2fc5c1608,stageG-small-model,2026-05-27T19:03:56,2026-05-27T19:11:48
configs/fixed_expert_femnist.yaml,1,fixed_expert_femnist,20260810_013036,ok,0,0.8307,0.8242,20,584.8,534245b2b2e110f16fc1aa13de0bb3d2fc5c1608,stageE-femnist-fix,2026-08-10T01:30:11,2026-08-10T01:39:56
configs/ga_broadcast_randominit_cifar.yaml,0,ga_broadcast_randominit_cifar,20260810_014008,ok,0,0.8202,0.7859000000000002,20,2923.9,37e742c94d427f471ffc496ecd43321195654655,stageH-failure-modes,2026-08-10T01:39:56,2026-08-10T02:28:40
configs/ga_broadcast_randominit_cifar.yaml,1,ga_broadcast_randominit_cifar,20260810_022903,ok,0,0.7975,0.7975,20,3091.9,71236e16f47e48e93a1837f0bd0007cbd115fef7,stageH-failure-modes,2026-08-10T02:28:41,2026-08-10T03:20:12
configs/ga_broadcast_randominit_cifar.yaml,2,ga_broadcast_randominit_cifar,20260810_032034,ok,0,0.8093000000000001,0.8093000000000001,20,3214.5,71236e16f47e48e93a1837f0bd0007cbd115fef7,stageH-failure-modes,2026-08-10T03:20:13,2026-08-10T04:13:48
configs/ga_broadcast_deltafitness_cifar.yaml,0,ga_broadcast_deltafitness_cifar,20260810_104352,ok,0,0.8298000000000001,0.6945,20,3329.8,88aa7c80720e8536b0ebf3f4460011e1711d9b5a,stageH-failure-modes,2026-08-10T10:40:48,2026-08-10T11:36:17
configs/ga_broadcast_deltafitness_cifar.yaml,1,ga_broadcast_deltafitness_cifar,20260810_124128,ok,0,0.8044,0.7976,20,3601.6,f24f4faf1930d871408c39cb39aab223000dcc60,stageH-failure-modes,2026-08-10T12:37:19,2026-08-10T13:37:21
configs/ga_broadcast_deltafitness_cifar.yaml,2,ga_broadcast_deltafitness_cifar,20260810_133849,ok,0,0.8007000000000001,0.7768000000000002,20,3528.9,f24f4faf1930d871408c39cb39aab223000dcc60,stageH-failure-modes,2026-08-10T13:37:43,2026-08-10T14:36:32
configs/rs_broadcast_cifar.yaml,1,rs_broadcast_cifar,20260810_143751,ok,0,0.6712000000000001,0.30450000000000005,20,3604.4,f24f4faf1930d871408c39cb39aab223000dcc60,stageF-baselines-rerun,2026-08-10T14:36:50,2026-08-10T15:36:54
configs/rs_broadcast_cifar.yaml,2,rs_broadcast_cifar,20260810_153820,ok,0,0.7737,0.6840999999999999,20,3497.7,d8443d33f47cae01561bffe2c1c5359f9b0c7207,stageF-baselines-rerun,2026-08-10T15:37:07,2026-08-10T16:35:25
configs/ga_surrogate_femnist.yaml,0,ga_surrogate_femnist,20260810_163732,ok,0,0.8331000000000001,0.8331000000000001,20,863.8,d8443d33f47cae01561bffe2c1c5359f9b0c7207,stageE-femnist-surrogate,2026-08-10T16:35:56,2026-08-10T16:50:19
configs/ga_surrogate_femnist.yaml,1,ga_surrogate_femnist,20260810_165118,ok,0,0.8261000000000001,0.8215000000000001,20,814.0,d8443d33f47cae01561bffe2c1c5359f9b0c7207,stageE-femnist-surrogate,2026-08-10T16:50:19,2026-08-10T17:03:53
configs/ga_surrogate_femnist.yaml,2,ga_surrogate_femnist,20260810_170512,ok,0,0.8331,0.8273999999999999,20,917.3,d8443d33f47cae01561bffe2c1c5359f9b0c7207,stageE-femnist-surrogate,2026-08-10T17:03:55,2026-08-10T17:19:12
configs/fixed_expert_alpha01.yaml,0,fixed_expert_alpha01,20260810_172002,ok,0,0.7035,0.6905,20,2921.7,d8443d33f47cae01561bffe2c1c5359f9b0c7207,stageI-alpha01,2026-08-10T17:19:17,2026-08-10T18:07:59
configs/fixed_expert_alpha01.yaml,1,fixed_expert_alpha01,20260810_180927,ok,0,0.7243,0.6127,20,2845.6,d8443d33f47cae01561bffe2c1c5359f9b0c7207,stageI-alpha01,2026-08-10T18:08:22,2026-08-10T18:55:47
configs/fixed_expert_alpha01.yaml,2,fixed_expert_alpha01,20260810_185654,ok,0,0.7438,0.7286,20,3282.7,d8443d33f47cae01561bffe2c1c5359f9b0c7207,stageI-alpha01,2026-08-10T18:55:47,2026-08-10T19:50:30
configs/ga_broadcast_alpha01.yaml,0,ga_broadcast_alpha01,20260810_195132,ok,0,0.6429,0.4082000000000001,20,3394.4,d8443d33f47cae01561bffe2c1c5359f9b0c7207,stageI-alpha01,2026-08-10T19:50:30,2026-08-10T20:47:05
configs/ga_broadcast_alpha01.yaml,1,ga_broadcast_alpha01,20260810_204833,ok,0,0.5619,0.4807,20,2881.0,d8443d33f47cae01561bffe2c1c5359f9b0c7207,stageI-alpha01,2026-08-10T20:47:05,2026-08-10T21:35:06
configs/ga_broadcast_alpha01.yaml,2,ga_broadcast_alpha01,20260810_213603,ok,0,0.5873999999999999,0.44730000000000003,20,3208.3,d8443d33f47cae01561bffe2c1c5359f9b0c7207,stageI-alpha01,2026-08-10T21:35:06,2026-08-10T22:28:34
configs/ga_perclient_alpha01.yaml,0,ga_perclient_alpha01,20260810_222931,failed,0,0.4304,0.40440000000000004,6,2998.2,396dad07290ebf7a43624040e61bc24af795931b,stageI-alpha01,2026-08-10T22:28:34,2026-08-10T23:18:33
configs/ga_perclient_alpha01.yaml,0,ga_perclient_alpha01,20260811_125055,ok,0,0.6862000000000001,0.5832999999999999,20,6227.3,b8809ad2885e94475ea80bdd493e93542c7710f0,stageI-alpha01,2026-08-11T12:50:40,2026-08-11T14:34:27
configs/ga_perclient_alpha01.yaml,1,ga_perclient_alpha01,20260811_143434,ok,0,0.626,0.5609000000000002,20,6921.8,eeb0c8eb90fe76e33ed215e83dd2ba3f6b14aef1,stageI-alpha01,2026-08-11T14:34:27,2026-08-11T16:29:49
configs/ga_perclient_alpha01.yaml,2,ga_perclient_alpha01,20260811_162956,ok,0,0.6583,0.6356999999999999,20,7524.3,eeb0c8eb90fe76e33ed215e83dd2ba3f6b14aef1,stageI-alpha01,2026-08-11T16:29:49,2026-08-11T18:35:13
configs/ga_surrogate_smallcnn.yaml,0,ga_surrogate_smallcnn,20260813_195420,ok,0,0.615,0.615,20,800.6,da3880ddac5891fd7e7f55f5e5c2b1f62c4f942a,boundary-fill,2026-08-13T19:53:45,2026-08-13T20:07:05
configs/ga_surrogate_smallcnn.yaml,1,ga_surrogate_smallcnn,20260813_200716,ok,0,0.5876,0.5588000000000001,20,689.9,da3880ddac5891fd7e7f55f5e5c2b1f62c4f942a,boundary-fill,2026-08-13T20:07:05,2026-08-13T20:18:35
configs/ga_surrogate_smallcnn.yaml,2,ga_surrogate_smallcnn,20260813_201843,ok,0,0.6295000000000001,0.6295000000000001,20,711.9,da3880ddac5891fd7e7f55f5e5c2b1f62c4f942a,boundary-fill,2026-08-13T20:18:35,2026-08-13T20:30:27
configs/fixed_naive_alpha01.yaml,0,fixed_naive_alpha01,20260813_203037,ok,0,0.4854,0.4569,20,3039.3,da3880ddac5891fd7e7f55f5e5c2b1f62c4f942a,boundary-fill,2026-08-13T20:30:27,2026-08-13T21:21:06
configs/fixed_naive_alpha01.yaml,1,fixed_naive_alpha01,20260813_212134,ok,0,0.6019,0.4852,20,3155.3,da3880ddac5891fd7e7f55f5e5c2b1f62c4f942a,boundary-fill,2026-08-13T21:21:06,2026-08-13T22:13:42
configs/fixed_naive_alpha01.yaml,2,fixed_naive_alpha01,20260813_221358,ok,0,0.55,0.5271000000000001,20,3183.1,da3880ddac5891fd7e7f55f5e5c2b1f62c4f942a,boundary-fill,2026-08-13T22:13:42,2026-08-13T23:06:45
configs/ga_surrogate_alpha01.yaml,0,ga_surrogate_alpha01,20260813_230715,ok,0,0.5913,0.37210000000000004,20,4001.3,da3880ddac5891fd7e7f55f5e5c2b1f62c4f942a,boundary-fill,2026-08-13T23:06:45,2026-08-14T00:13:27
configs/ga_surrogate_alpha01.yaml,1,ga_surrogate_alpha01,20260814_001340,ok,0,0.39640000000000003,0.2923,20,4134.6,da3880ddac5891fd7e7f55f5e5c2b1f62c4f942a,boundary-fill,2026-08-14T00:13:27,2026-08-14T01:22:21
configs/ga_surrogate_alpha01.yaml,2,ga_surrogate_alpha01,20260814_012256,ok,0,0.5463,0.5315000000000001,20,3876.3,da3880ddac5891fd7e7f55f5e5c2b1f62c4f942a,boundary-fill,2026-08-14T01:22:21,2026-08-14T02:26:58
